#,Species (set),Nature,Item,Move1,Move2,Move3,Move4,EV spread,HP,Attack,Def,Sp.Atk,Sp.Def,Speed,,
406,Abomasnow-1,Calm,Lum Berry,Giga Drain,Ice Beam,Water Pulse,GrassWhistle,HP/SpA,197,100,95,144,115,80,Abomasnow,0
542,Abomasnow-2,Bold,Big Root,Giga Drain,Sheer Cold,Ingrain,Leech Seed,HP/Def/SpD,186,100,127,112,126,80,Abomasnow,0
678,Abomasnow-3,Quiet,Occa Berry,Energy Ball,Blizzard,Shadow Ball,Focus Blast,HP/SpA,197,112,95,158,105,72,Abomasnow,0
814,Abomasnow-4,Brave,Shell Bell,Wood Hammer,Avalanche,Earthquake,Rock Slide,HP/Atk,197,158,95,112,105,72,Abomasnow,0
374,Absol-1,Jolly,Chople Berry,Sucker Punch,Facade,Double Team,Taunt,Atk/Spe,140,182,80,85,80,139,Absol,255
510,Absol-2,Adamant,Quick Claw,Punishment,Swagger,Attract,Thunder Wave,HP/Atk,172,200,80,85,80,95,Absol,0
646,Absol-3,Jolly,Razor Fang,Night Slash,Psycho Cut,X-Scissor,Aerial Ace,Atk/Spe,140,182,80,85,80,139,Absol,255
782,Absol-4,Adamant,Choice Band,Night Slash,Superpower,Giga Impact,Zen Headbutt,Atk/Spe,140,200,80,85,80,127,Absol,255
443,Aerodactyl-1,Jolly,King's Rock,Rock Slide,Aerial Ace,Torment,Taunt,Atk/Spe,155,157,85,72,95,200,Aerodactyl,255
579,Aerodactyl-2,Jolly,Razor Claw,Bite,Fire Fang,Thunder Fang,Ice Fang,Atk/Spe,155,157,85,72,95,200,Aerodactyl,255
715,Aerodactyl-3,Adamant,Yache Berry,Giga Impact,Earthquake,Rock Slide,Crunch,Atk/Spe,155,172,85,72,95,182,Aerodactyl,255
851,Aerodactyl-4,Adamant,Choice Band,Stone Edge,Aerial Ace,Earthquake,Dragon Claw,Atk/Spe,155,172,85,72,95,182,Aerodactyl,255
463,Aggron-1,Adamant,Quick Claw,Iron Head,Rock Slide,Sandstorm,Screech,Atk/Def,145,178,232,72,80,70,Aggron,0
599,Aggron-2,Adamant,Quick Claw,Metal Claw,Fire Punch,ThunderPunch,Ice Punch,Atk/Def,145,178,232,72,80,70,Aggron,0
735,Aggron-3,Adamant,Muscle Band,Iron Tail,Dragon Rush,Avalanche,Aerial Ace,Atk/Def,145,178,232,72,80,70,Aggron,0
871,Aggron-4,Adamant,Focus Sash,Metal Burst,Stone Edge,Earthquake,Shadow Claw,Atk/Def,145,178,232,72,80,70,Aggron,0
401,Alakazam-1,Timid,BrightPowder,Psychic,Shadow Ball,Calm Mind,Future Sight,SpA/Spe,130,63,65,187,105,189,Alakazam,255
537,Alakazam-2,Modest,Colbur Berry,Psychic,Focus Blast,Charge Beam,Recover,SpA/Spe,130,63,65,205,105,172,Alakazam,255
673,Alakazam-3,Timid,Wise Glasses,Psychic,Charge Beam,Signal Beam,Grass Knot,SpA/Spe,130,63,65,187,105,189,Alakazam,255
809,Alakazam-4,Modest,Expert Belt,Psychic,Shadow Ball,Energy Ball,Focus Blast,SpA/Spe,130,63,65,205,105,172,Alakazam,255
404,Altaria-1,Careful,Chesto Berry,Dragon Claw,Aerial Ace,Dragon Dance,Rest,Atk/SpD,150,122,110,81,172,100,Altaria,0
540,Altaria-2,Modest,Shell Bell,Dragon Pulse,Ominous Wind,Sing,Perish Song,SpA/SpD,150,81,110,134,157,100,Altaria,0
676,Altaria-3,Adamant,BrightPowder,Dragon Rush,Sky Attack,Earthquake,Dragon Dance,Atk/SpD,150,134,110,81,157,100,Altaria,0
812,Altaria-4,Modest,White Herb,Draco Meteor,Air Cutter,Flamethrower,Ice Beam,SpA/Spe,150,81,110,134,125,132,Altaria,255
393,Ambipom-1,Jolly,Muscle Band,Double Hit,Shadow Claw,Brick Break,Knock Off,Atk/Spe,150,152,86,72,86,183,Ambipom,255
529,Ambipom-2,Jolly,Metronome,Last Resort,Thunder Wave,Protect,Fake Out,Atk/Spe,150,152,86,72,86,183,Ambipom,255
665,Ambipom-3,Adamant,Life Orb,Double Hit,Gunk Shot,Seed Bomb,Aerial Ace,Atk/Spe,150,167,86,72,86,167,Ambipom,255
801,Ambipom-4,Adamant,Life Orb,Double Hit,Fire Punch,ThunderPunch,Ice Punch,Atk/Spe,150,167,86,72,86,167,Ambipom,255
420,Ampharos-1,Modest,Shuca Berry,Thunderbolt,Power Gem,Light Screen,Thunder Wave,SpA/SpD,165,85,95,183,142,75,Ampharos,0
556,Ampharos-2,Careful,Cheri Berry,ThunderPunch,Fire Punch,Focus Punch,Thunder Wave,Atk/SpD,165,127,95,121,156,75,Ampharos,0
692,Ampharos-3,Modest,Chesto Berry,Charge Beam,Hyper Beam,Thunder Wave,Rest,HP/SpA,197,85,95,183,110,75,Ampharos,0
828,Ampharos-4,Quiet,Zoom Lens,Thunder,Focus Blast,Signal Beam,Power Gem,HP/SpA,197,95,95,183,110,67,Ampharos,0
294,Arbok-2,Docile,Payapa Berry,Sludge Bomb,Mud Bomb,Crunch,Glare,Atk/SpA,135,137,89,117,99,100,Arbok,0
480,Arcanine-1,Jolly,Lum Berry,Fire Fang,ExtremeSpeed,Crunch,Will-O-Wisp,Atk/Spe,165,162,100,108,100,161,Arcanine,255
616,Arcanine-2,Jolly,Salac Berry,Flare Blitz,Thunder Fang,Reversal,Endure,Atk/Spe,165,162,100,108,100,161,Arcanine,255
752,Arcanine-3,Modest,White Herb,Overheat,SolarBeam,Dragon Pulse,Sunny Day,SpA/Spe,165,117,100,167,100,147,Arcanine,255
888,Arcanine-4,Adamant,Focus Band,Flare Blitz,ExtremeSpeed,Crunch,Thunder Fang,Atk/Spe,165,178,100,108,100,147,Arcanine,255
410,Armaldo-1,Adamant,Razor Fang,X-Scissor,Rock Slide,Earthquake,Iron Defense,Atk/SpD,150,194,120,81,132,65,Armaldo,0
546,Armaldo-2,Adamant,Scope Lens,Crush Claw,Aqua Tail,Aerial Ace,Swagger,Atk/SpD,150,194,120,81,132,65,Armaldo,0
682,Armaldo-3,Adamant,Choice Band,Stone Edge,Superpower,Earthquake,Giga Impact,Atk/Def,150,194,152,81,100,65,Armaldo,0
818,Armaldo-4,Adamant,Life Orb,Stone Edge,X-Scissor,Earthquake,Cross Poison,Atk/Def,150,194,152,81,100,65,Armaldo,0
895,Articuno-1,Docile,Icy Rock,Blizzard,Fly,Roost,Hail,Atk/SpA,165,137,120,147,145,105,Articuno,0
909,Articuno-2,Brave,Wacan Berry,Avalanche,Aerial Ace,Facade,Reflect,Atk/Def,165,150,152,115,145,94,Articuno,0
923,Articuno-3,Modest,Wise Glasses,Ice Beam,Signal Beam,Ominous Wind,Water Pulse,Def/SpA,165,94,152,161,145,105,Articuno,0
937,Articuno-4,Modest,Charti Berry,Ice Beam,Air Cutter,AncientPower,Sheer Cold,SpA/SpD,165,94,120,161,177,105,Articuno,0
318,Banette-2,Adamant,Colbur Berry,Shadow Claw,Faint Attack,Will-O-Wisp,Trick Room,HP/Atk,171,183,85,92,83,85,Banette,0
411,Bastiodon-1,Impish,Focus Band,Iron Head,Stone Edge,Swagger,Taunt,Def/SpD,135,72,242,60,190,50,Bastiodon,0
547,Bastiodon-2,Modest,Persim Berry,AncientPower,Flamethrower,Thunderbolt,Ice Beam,HP/SpA,167,64,188,108,158,50,Bastiodon,0
683,Bastiodon-3,Careful,Leftovers,Iron Head,Fissure,Double Team,Iron Defense,HP/SpD,167,72,188,60,209,50,Bastiodon,0
819,Bastiodon-4,Adamant,Focus Sash,Metal Burst,Stone Edge,Avalanche,Curse,HP/Atk,167,114,188,60,158,50,Bastiodon,0
254,Bayleef-2,Hardy,Chesto Berry,Giga Drain,Body Slam,GrassWhistle,Rest,Def/SpA/SpD,135,82,121,104,121,80,Bayleef,0
340,Bellossom-2,Modest,BrightPowder,SolarBeam,Sludge Bomb,Sunny Day,Synthesis,HP/SpA,182,90,105,156,120,70,Bellossom,0
267,Bibarel-2,Adamant,Shell Bell,Hyper Fang,Super Fang,Pluck,Attract,HP/Atk,186,150,80,67,80,91,Bibarel,0
353,Blastoise-1,Modest,Mystic Water,Hydro Pump,Signal Beam,Icy Wind,Mirror Coat,Def/SpA/SpD,154,92,141,138,146,98,Blastoise,0
489,Blastoise-2,Adamant,Shell Bell,Waterfall,Focus Punch,Double Team,Aqua Ring,HP/Atk,186,148,120,94,125,98,Blastoise,0
625,Blastoise-3,Adamant,Life Orb,Aqua Tail,Earthquake,Avalanche,Zen Headbutt,HP/Atk,186,148,120,94,125,98,Blastoise,0
761,Blastoise-4,Modest,Shell Bell,Hydro Cannon,Ice Beam,Hyper Beam,Focus Blast,HP/SpA,186,92,120,150,125,98,Blastoise,0
358,Blaziken-1,Adamant,Salac Berry,Blaze Kick,Reversal,Aerial Ace,Endure,Atk/Spe,155,189,90,117,90,132,Blaziken,255
494,Blaziken-2,Timid,BrightPowder,Blast Burn,Focus Blast,SolarBeam,Sunny Day,SpA/Spe,155,126,90,162,90,145,Blaziken,255
630,Blaziken-3,Adamant,Passho Berry,Blaze Kick,Earthquake,Shadow Claw,Stone Edge,Atk/Spe,155,189,90,117,90,132,Blaziken,255
766,Blaziken-4,Adamant,White Herb,Flare Blitz,Superpower,ThunderPunch,Night Slash,Atk/Spe,155,189,90,117,90,132,Blaziken,255
475,Blissey-1,Modest,Chople Berry,Hyper Beam,Shadow Ball,Water Pulse,Sing,HP/SpA,362,27,30,139,155,75,Blissey,0
611,Blissey-2,Calm,Chesto Berry,Toxic,Double Team,Softboiled,Counter,HP/SpD,362,27,30,95,205,75,Blissey,0
747,Blissey-3,Modest,BrightPowder,Flamethrower,Thunderbolt,Ice Beam,Calm Mind,HP/SpA,362,27,30,139,155,75,Blissey,0
883,Blissey-4,Calm,Leftovers,Dream Eater,Sing,Softboiled,Counter,HP/SpD,362,27,30,95,205,75,Blissey,0
371,Breloom-1,Impish,Focus Sash,Seed Bomb,Sky Uppercut,Rock Slide,Counter,Atk/Def,135,182,145,72,80,90,Breloom,0
507,Breloom-2,Brave,Big Root,Drain Punch,Giga Drain,Synthesis,Leech Seed,Atk/SpA,135,200,100,112,80,81,Breloom,0
643,Breloom-3,Adamant,Toxic Orb,DynamicPunch,ThunderPunch,Stone Edge,Facade,Atk/Def,135,200,132,72,80,90,Breloom,0
779,Breloom-4,Adamant,Shell Bell,Focus Punch,Seed Bomb,Giga Impact,Spore,Atk/Def,135,200,132,72,80,90,Breloom,0
431,Bronzong-1,Impish,King's Rock,Extrasensory,Iron Head,Rock Slide,Trick Room,Def/SpD,142,109,184,89,168,53,Bronzong,0
567,Bronzong-2,Calm,Lum Berry,Dream Eater,Hypnosis,Signal Beam,Trick Room,Def/SpD,142,98,168,99,184,53,Bronzong,0
703,Bronzong-3,Modest,Leftovers,Psychic,Shadow Ball,Charge Beam,Signal Beam,HP/SpA,174,98,136,144,136,53,Bronzong,0
839,Bronzong-4,Adamant,Quick Claw,Zen Headbutt,Iron Head,Earthquake,Explosion,HP/Atk,174,155,136,89,136,53,Bronzong,0
339,Cacturne-2,Modest,Shell Bell,Giga Drain,Dark Pulse,Acid,Cotton Spore,HP/SpA,177,121,80,183,80,75,Cacturne,0
325,Camerupt-2,Modest,Quick Claw,Earth Power,Eruption,AncientPower,Sandstorm,HP/SpA,177,108,90,172,95,60,Camerupt,0
311,Carnivine-2,Adamant,Occa Berry,Seed Bomb,Wring Out,Crunch,Ingrain,HP/Atk,181,167,92,99,92,66,Carnivine,0
306,Chansey-2,Impish,Lucky Punch,Egg Bomb,Focus Punch,Sing,Softboiled,HP/SpD,357,25,27,49,157,70,Chansey,0
352,Charizard-1,Modest,Petaya Berry,Flamethrower,Air Slash,SmokeScreen,Scary Face,SpA/Spe,153,93,98,177,105,152,Charizard,255
488,Charizard-2,Modest,White Herb,Overheat,SolarBeam,Will-O-Wisp,Sunny Day,SpA/Spe,153,93,98,177,105,152,Charizard,255
624,Charizard-3,Adamant,Scope Lens,Flare Blitz,Earthquake,Crunch,Dragon Claw,Atk/Spe,153,149,98,116,105,152,Charizard,255
760,Charizard-4,Timid,BrightPowder,Blast Burn,Air Slash,Focus Blast,AncientPower,SpA/Spe,153,93,98,161,105,167,Charizard,255
252,Charmeleon-2,Bashful,Razor Fang,Flamethrower,Shadow Claw,Aerial Ace,SmokeScreen,Atk/Spe,133,116,78,100,85,132,Charmeleon,255
274,Cherrim-2,Modest,Power Herb,SolarBeam,Leech Seed,Sunny Day,Synthesis,HP/SpA,177,72,90,152,98,105,Cherrim,0
285,Chimecho-2,Quiet,Twisted Spoon,Psychic,Shadow Ball,Hypnosis,Dream Eater,HP/SpA,172,70,90,161,100,76,Chimecho,0
429,Claydol-1,Brave,Kasib Berry,Earthquake,Zen Headbutt,Grass Knot,Trick Room,Def/SpD,135,99,157,90,172,85,Claydol,0
565,Claydol-2,Modest,Rindo Berry,Earth Power,AncientPower,Signal Beam,Shadow Ball,Def/SpA,135,81,157,134,140,95,Claydol,0
701,Claydol-3,Modest,Wise Glasses,Earth Power,Psychic,Charge Beam,Ice Beam,SpA/SpD,135,81,125,134,172,95,Claydol,0
837,Claydol-4,Adamant,Lax Incense,Earthquake,Zen Headbutt,Rock Slide,Explosion,Atk/SpD,135,134,125,81,172,95,Claydol,0
350,Cloyster2,Impish,Leftovers,Avalanche,Dive,Toxic,Protect,Atk/Def,125,147,255,94,65,90,Cloyste,0
258,Combusken-2,Hardy,Scope Lens,Flamethrower,Sky Uppercut,Slash,Sand-Attack,Atk/SpA,135,137,80,137,80,75,Combusken,0
409,Cradily-1,Impish,Razor Fang,AncientPower,Energy Ball,Confuse Ray,Sandstorm,HP/Def/SpD,182,101,151,90,148,63,Cradily,0
545,Cradily-2,Impish,Leftovers,Toxic,Stockpile,Double Team,Ingrain,HP/Def/SpD,182,101,151,90,148,63,Cradily,0
681,Cradily-3,Calm,Big Root,Giga Drain,Sludge Bomb,Recover,Ingrain,HP/Def/SpD,182,90,138,101,162,63,Cradily,0
817,Cradily-4,Calm,Leftovers,Stone Edge,Seed Bomb,Earthquake,Mirror Coat,HP/Def/SpD,182,90,138,101,162,63,Cradily,0
332,Crawdaunt-2,Adamant,Quick Claw,Crabhammer,Crunch,X-Scissor,Swords Dance,Atk/Def,138,189,137,99,75,75,Crawdaunt,0
907,Cresselia-1,Bold,Heat Rock,Psychic,SolarBeam,Moonlight,Sunny Day,Def/SpD,195,81,189,95,182,105,Cresselia,0
921,Cresselia-2,Bold,Lum Berry,Psychic,Toxic,Double Team,Moonlight,HP/Def/SpD,216,81,177,95,171,105,Cresselia,0
935,Cresselia-3,Modest,Wise Glasses,Psychic,Shadow Ball,Energy Ball,Charge Beam,HP/SpA,227,81,140,139,150,105,Cresselia,0
949,Cresselia-4,Modest,Leftovers,Psychic,Ice Beam,Signal Beam,Moonlight,HP/Def/SpD,216,81,161,104,171,105,Cresselia,0
467,Crobat-1,Jolly,Payapa Berry,Cross Poison,Aerial Ace,Roost,Hypnosis,Atk/Spe,160,142,100,81,100,200,Crobat,255
603,Crobat-2,Hardy,Razor Fang,Air Slash,Zen Headbutt,Bite,Twister,Atk/Spe,160,142,100,90,100,182,Crobat,255
739,Crobat-3,Modest,King's Rock,Air Slash,Sludge Bomb,Heat Wave,Dark Pulse,SpA/Spe,160,99,100,134,100,182,Crobat,255
875,Crobat-4,Adamant,Razor Fang,Cross Poison,Brave Bird,X-Scissor,Zen Headbutt,Atk/Spe,160,156,100,81,100,182,Crobat,255
256,Croconaw-2,Adamant,Focus Band,Aqua Tail,Crunch,Rock Slide,Scary Face,Atk/Def,140,145,132,71,83,78,Croconaw,0
379,Dewgong-1,Careful,Razor Claw,Waterfall,Avalanche,Headbutt,Fake Out,Atk/SpD,165,122,100,81,161,90,Dewgong,0
515,Dewgong-2,Calm,Wacan Berry,Ice Beam,Signal Beam,Encore,Disable,SpA/SpD,165,81,100,122,161,90,Dewgong,0
651,Dewgong-3,Calm,Salac Berry,Sheer Cold,Horn Drill,Rest,Sleep Talk,HP/Def/SpD,186,81,121,90,149,90,Dewgong,0
787,Dewgong-4,Calm,Chesto Berry,Surf,Ice Beam,Signal Beam,Rest,SpA/SpD,165,81,100,122,161,90,Dewgong,0
323,Dodrio-2,Jolly,King's Rock,Drill Peck,Frustration,Faint Attack,Acupressure,Atk/Spe,135,162,90,72,80,167,Dodrio,255
427,Donphan-1,Impish,Razor Fang,Earthquake,Rock Slide,Poison Jab,Sandstorm,Atk/Def,165,172,189,72,80,70,Donphan,0
563,Donphan-2,Adamant,White Herb,Earthquake,Superpower,Gunk Shot,Counter,Atk/Def,165,189,172,72,80,70,Donphan,0
699,Donphan-3,Brave,Lax Incense,Earthquake,Gyro Ball,Fire Fang,Thunder Fang,Atk/Def,165,189,172,80,80,63,Donphan,0
835,Donphan-4,Adamant,Quick Claw,Earthquake,Stone Edge,Seed Bomb,Fissure,Atk/Def,165,189,172,72,80,70,Donphan,0
275,Dragonair-2,Docile,Haban Berry,Dragon Pulse,Aqua Tail,Slam,Dragon Dance,Atk/SpA,136,136,85,122,90,90,Dragonair,0
481,Dragonite-1,Adamant,Lum Berry,Dragon Claw,Aerial Ace,Thunder Wave,Dragon Dance,Atk/SpD,166,204,115,136,120,100,Dragonite,0
617,Dragonite-2,Adamant,Razor Claw,Dragon Rush,Fire Punch,ThunderPunch,Ice Punch,Atk/Def,166,204,147,108,120,100,Dragonite,0
753,Dragonite-3,Modest,Expert Belt,Draco Meteor,Flamethrower,Thunderbolt,Surf,Def/SpA,166,138,147,167,120,100,Dragonite,0
889,Dragonite-4,Adamant,Choice Band,Outrage,Giga Impact,Earthquake,Superpower,Atk/SpD,166,204,115,136,120,100,Dragonite,0
432,Drapion-1,Adamant,Lum Berry,Poison Jab,Crunch,Aqua Tail,Acupressure,Atk/Def,145,156,162,72,95,115,Drapion,0
568,Drapion-2,Adamant,Iron Ball,Payback,Poison Jab,Fling,Knock Off,Atk/Def,145,156,162,72,95,115,Drapion,0
704,Drapion-3,Jolly,Scope Lens,Cross Poison,Fire Fang,Thunder Fang,Ice Fang,Atk/Spe,145,142,130,72,95,161,Drapion,255
840,Drapion-4,Adamant,Razor Fang,Cross Poison,Night Slash,Earthquake,Aerial Ace,Atk/Spe,145,156,130,72,95,147,Drapion,255
414,Drifblim-1,Modest,Salac Berry,Ominous Wind,Air Cutter,Baton Pass,Endure,HP/SpA,257,90,64,156,74,100,Drifblim,0
550,Drifblim-2,Adamant,Black Sludge,Payback,Facade,Will-O-Wisp,Trick,HP/Atk,257,145,64,99,74,100,Drifblim,0
686,Drifblim-3,Modest,Wise Glasses,Psychic,Thunderbolt,Icy Wind,Destiny Bond,HP/SpA,257,90,64,156,74,100,Drifblim,0
822,Drifblim-4,Docile,Lax Incense,Shadow Ball,Air Cutter,Silver Wind,Explosion,HP/Atk,257,132,64,110,74,100,Drifblim,0
363,Dugtrio-1,Jolly,Grip Claw,Earthquake,Rock Slide,Astonish,Sand Tomb,Atk/Spe,110,132,70,63,90,189,Dugtrio,255
499,Dugtrio-2,Modest,Lax Incense,Earth Power,Sludge Bomb,Tri Attack,Sandstorm,SpA/Spe,110,90,70,112,90,172,Dugtrio,255
635,Dugtrio-3,Jolly,Razor Fang,Fissure,Giga Impact,Aerial Ace,Night Slash,Atk/Spe,110,132,70,63,90,189,Dugtrio,255
771,Dugtrio-4,Adamant,Muscle Band,Earthquake,Stone Edge,Slash,Shadow Claw,Atk/Spe,110,145,70,63,90,172,Dugtrio,255
319,Dusclops-2,Impish,Colbur Berry,Shadow Punch,Payback,Brick Break,Confuse Ray,HP/Def/SpD,136,90,188,72,171,45,Dusclops,0
462,Dusknoir-1,Brave,Iron Ball,Shadow Punch,Fling,Will-O-Wisp,Trick Room,Atk/Def,120,167,187,85,155,58,Dusknoir,0
598,Dusknoir-2,Careful,Leftovers,Curse,Pain Split,Confuse Ray,Attract,Def/SpD,120,120,187,76,205,65,Dusknoir,0
734,Dusknoir-3,Adamant,Scope Lens,Shadow Punch,Fire Punch,ThunderPunch,Ice Punch,Atk/SpD,120,167,155,76,187,65,Dusknoir,0
870,Dusknoir-4,Adamant,Muscle Band,Shadow Punch,Earthquake,Brick Break,Rock Slide,Def/SpD,120,132,187,76,187,65,Dusknoir,0
345,Electabuzz-2,Modest,BrightPowder,Thunderbolt,Psychic,Focus Blast,Thunder Wave,SpA/Spe,140,92,77,161,105,157,Electabuzz,255
477,Electivire-1,Jolly,Scope Lens,ThunderPunch,Cross Chop,Thunder Wave,Screech,Atk/Spe,150,175,87,103,105,161,Electivire,255
613,Electivire-2,Quirky,Wide Lens,Thunder,DynamicPunch,Rock Slide,Iron Tail,Atk/SpA,150,175,87,147,105,115,Electivire,0
749,Electivire-3,Modest,Wise Glasses,Thunderbolt,Psychic,Focus Blast,Signal Beam,SpA/Spe,150,128,87,161,105,147,Electivire,255
885,Electivire-4,Adamant,Shuca Berry,ThunderPunch,Fire Punch,Ice Punch,Earthquake,Atk/Spe,150,192,87,103,105,147,Electivire,255
386,Electrode-1,Modest,Chesto Berry,Thunderbolt,Swift,Thunder Wave,Light Screen,SpA/Spe,135,63,90,145,100,192,Electrode,255
522,Electrode-2,Timid,BrightPowder,Charge Beam,Thunder Wave,Flash,Swagger,SpA/Spe,135,63,90,132,100,211,Electrode,255
658,Electrode-3,Timid,Damp Rock,Thunder,Hyper Beam,Magnet Rise,Rain Dance,SpA/Spe,135,63,90,132,100,211,Electrode,255
794,Electrode-4,Quirky,Focus Sash,Thunderbolt,Signal Beam,Explosion,Mirror Coat,SpA/Spe,135,70,90,132,100,192,Electrode,255
362,Empoleon-1,Adamant,Razor Claw,Waterfall,Metal Claw,Brick Break,Knock Off,Atk/SpD,159,151,108,117,153,80,Empoleon,0
498,Empoleon-2,Adamant,Razor Claw,Drill Peck,Aqua Jet,Shadow Claw,Rock Slide,Atk/SpD,159,151,108,117,153,80,Empoleon,0
634,Empoleon-3,Brave,Quick Claw,Surf,Earthquake,Blizzard,Signal Beam,Atk/SpA,159,151,108,163,121,72,Empoleon,0
770,Empoleon-4,Brave,Quick Claw,Hydro Cannon,Flash Cannon,Drill Peck,Earthquake,Atk/SpA,159,151,108,163,121,72,Empoleon,0
899,Entei-1,Jolly,Shuca Berry,Fire Fang,Return,Roar,Reflect,Atk/Spe,190,167,105,99,95,167,Entei,255
913,Entei-2,Jolly,King's Rock,Fire Fang,Bite,Iron Head,Stone Edge,Atk/Spe,190,167,105,99,95,167,Entei,255
927,Entei-3,Modest,Shuca Berry,Fire Blast,SolarBeam,Hyper Beam,Sunny Day,SpA/Spe,190,121,105,156,95,152,Entei,255
941,Entei-4,Modest,Shuca Berry,Overheat,Extrasensory,Shadow Ball,Calm Mind,SpA/Spe,190,121,105,156,95,152,Entei,255
455,Espeon-1,Timid,Lum Berry,Psychic,Reflect,Calm Mind,Baton Pass,SpA/Spe,140,76,80,182,115,178,Espeon,255
591,Espeon-2,Timid,BrightPowder,Psychic,Swift,Charm,Attract,SpA/Spe,140,76,80,182,115,178,Espeon,255
727,Espeon-3,Modest,Lum Berry,Psychic,Shadow Ball,Hyper Beam,Grass Knot,SpA/Spe,140,76,80,200,115,162,Espeon,255
863,Espeon-4,Modest,Wise Glasses,Psychic,Shadow Ball,Signal Beam,Morning Sun,SpA/Spe,140,76,80,200,115,162,Espeon,255
449,Exeggutor-1,Modest,BrightPowder,SolarBeam,Psychic,Synthesis,Sunny Day,HP/SpA,202,103,105,194,85,75,Exeggutor,0
585,Exeggutor-2,Modest,Lum Berry,Dream Eater,Hypnosis,Leech Seed,Ingrain,HP/SpA,202,103,105,194,85,75,Exeggutor,0
721,Exeggutor-3,Brave,Focus Sash,Wood Hammer,Zen Headbutt,Trick Room,Explosion,HP/Atk,202,161,105,145,85,67,Exeggutor,0
857,Exeggutor-4,Modest,Expert Belt,Leaf Storm,Psychic,Sludge Bomb,AncientPower,HP/SpA,202,103,105,194,85,75,Exeggutor,0
389,Exploud-1,Modest,Chople Berry,Hyper Voice,Extrasensory,Water Pulse,Torment,HP/SpA,211,99,83,157,83,88,Exploud,0
525,Exploud-2,Adamant,Life Orb,Facade,Fire Punch,ThunderPunch,Ice Punch,HP/Atk,211,157,83,99,83,88,Exploud,0
661,Exploud-3,Adamant,Life Orb,Facade,Earthquake,Avalanche,Crunch,HP/Atk,211,157,83,99,83,88,Exploud,0
797,Exploud-4,Modest,White Herb,Hyper Voice,Overheat,Surf,Ice Beam,HP/SpA,211,99,83,157,83,88,Exploud,0
302,Fearow-2,Adamant,Cheri Berry,Drill Peck,Frustration,Faint Attack,U-turn,Atk/Spe,140,156,85,72,81,152,Fearow,255
356,Feraligatr-1,Adamant,King's Rock,Waterfall,Ice Fang,Rock Slide,Scary Face,Atk/Def,160,172,152,89,103,98,Feraligatr,0
492,Feraligatr-2,Adamant,White Herb,Aqua Tail,Superpower,Dragon Claw,Shadow Claw,Atk/Def,160,172,152,89,103,98,Feraligatr,0
628,Feraligatr-3,Modest,Wise Glasses,Hydro Cannon,Ice Beam,Focus Blast,AncientPower,Def/SpA,160,112,152,144,103,98,Feraligatr,0
764,Feraligatr-4,Adamant,Lum Berry,Waterfall,Earthquake,Ice Fang,Dragon Dance,Atk/Def,160,172,152,89,103,98,Feraligatr,0
454,Flareon-1,Adamant,Quick Claw,Fire Fang,Superpower,Curse,Baton Pass,Atk/SpD,140,200,80,103,162,85,Flareon,0
590,Flareon-2,Jolly,Salac Berry,Fire Fang,Flail,Endure,Sand-Attack,Atk/Spe,140,182,80,103,130,128,Flareon,255
726,Flareon-3,Modest,White Herb,Overheat,Shadow Ball,Mud-Slap,Will-O-Wisp,SpA/SpD,140,150,80,132,162,93,Flareon,0
862,Flareon-4,Adamant,White Herb,Fire Fang,Giga Impact,Superpower,Bite,Atk/SpD,140,200,80,103,162,85,Flareon,0
412,Floatzel-1,Jolly,Sitrus Berry,Waterfall,Ice Punch,Quick Attack,Rain Dance,Atk/Spe,160,157,75,94,70,183,Floatzel,255
548,Floatzel-2,Jolly,Chesto Berry,Waterfall,Focus Punch,Double Team,Attract,Atk/Spe,160,157,75,94,70,183,Floatzel,255
684,Floatzel-3,Modest,Wave Incense,Surf,Ice Beam,Focus Blast,Rain Dance,SpA/Spe,160,112,75,150,70,167,Floatzel,255
820,Floatzel-4,Adamant,Razor Claw,Aqua Tail,Ice Fang,Crunch,Brick Break,Atk/Spe,160,172,75,94,70,167,Floatzel,255
451,Flygon-1,Adamant,Yache Berry,Earthquake,Dragon Claw,Roost,Sandstorm,Atk/Spe,155,167,100,90,100,152,Flygon,255
587,Flygon-2,Jolly,Razor Claw,Fissure,Fire Punch,ThunderPunch,Aerial Ace,Atk/Spe,155,152,100,90,100,167,Flygon,255
723,Flygon-3,Timid,White Herb,Draco Meteor,Earth Power,Flamethrower,Giga Drain,SpA/Spe,155,108,100,132,100,167,Flygon,255
859,Flygon-4,Adamant,Lum Berry,Earthquake,Outrage,Crunch,Stone Edge,Atk/Spe,155,167,100,90,100,152,Flygon,255
372,Forretress-1,Brave,Occa Berry,Gyro Ball,Bug Bite,Revenge,Counter,Atk/Def,150,156,192,80,80,54,Forretress,0
508,Forretress-2,Brave,Sitrus Berry,Payback,Stealth Rock,Toxic Spikes,Spikes,Atk/Def,150,156,192,80,80,54,Forretress,0
644,Forretress-3,Adamant,Leftovers,Dig,Swagger,Toxic,Double Team,Atk/Def,150,156,192,72,80,60,Forretress,0
780,Forretress-4,Adamant,Lax Incense,Explosion,Double-Edge,Earthquake,Rock Slide,Atk/Def,150,156,192,72,80,60,Forretress,0
392,Froslass-1,Timid,Cheri Berry,Ice Beam,Ominous Wind,Confuse Ray,Attract,SpA/Spe,145,90,90,132,90,178,Froslass,255
528,Froslass-2,Adamant,Focus Band,Ice Punch,Sucker Punch,Swagger,Psych Up,Atk/Spe,145,145,90,90,90,162,Froslass,255
664,Froslass-3,Modest,Expert Belt,Ice Beam,Thunderbolt,Signal Beam,Destiny Bond,SpA/Spe,145,90,90,145,90,162,Froslass,255
800,Froslass-4,Modest,Lax Incense,Blizzard,Shadow Ball,Psychic,Hail,SpA/Spe,145,90,90,145,90,162,Froslass,255
272,Furret-2,Adamant,Choice Band,Frustration,Shadow Claw,Trick,Assist,Atk/Spe,160,140,84,58,75,142,Furret,255
268,Gabite-2,Adamant,Muscle Band,Dragon Claw,Earthquake,Slash,Sandstorm,Atk/Spe,143,156,85,63,75,134,Gabite,255
448,Gallade-1,Careful,Kasib Berry,Zen Headbutt,Brick Break,Thunder Wave,Confuse Ray,Atk/SpD,143,177,85,76,183,100,Gallade,0
584,Gallade-2,Jolly,BrightPowder,Drain Punch,Fire Punch,ThunderPunch,Ice Punch,Atk/Spe,143,177,85,76,135,145,Gallade,255
720,Gallade-3,Adamant,Scope Lens,Psycho Cut,Stone Edge,Aerial Ace,X-Scissor,Atk/SpD,143,194,85,76,167,100,Gallade,0
856,Gallade-4,Adamant,Scope Lens,Psycho Cut,Close Combat,Leaf Blade,Night Slash,Atk/SpD,143,194,85,76,167,100,Gallade,0
485,Garchomp-1,Jolly,BrightPowder,Dragon Claw,Earthquake,Double Team,Sandstorm,Atk/Spe,183,182,115,90,105,169,Garchomp,255
621,Garchomp-2,Modest,White Herb,Draco Meteor,Earth Power,Flamethrower,Surf,SpA/Spe,183,135,115,145,105,154,Garchomp,255
757,Garchomp-3,Adamant,Focus Sash,Dragon Rush,Stone Edge,Aqua Tail,Aerial Ace,Atk/Spe,183,200,115,90,105,154,Garchomp,255
893,Garchomp-4,Adamant,Persim Berry,Outrage,Earthquake,Crunch,Fire Fang,Atk/Spe,183,200,115,90,105,154,Garchomp,255
447,Gardevoir-1,Calm,Lum Berry,Psychic,Shadow Ball,Thunder Wave,Confuse Ray,SpA/SpD,143,76,85,177,183,100,Gardevoir,0
583,Gardevoir-2,Modest,Chesto Berry,Psychic,Thunderbolt,Calm Mind,Rest,SpA/SpD,143,76,85,194,167,100,Gardevoir,0
719,Gardevoir-3,Modest,BrightPowder,Psychic,Charge Beam,Energy Ball,Focus Blast,SpA/SpD,143,76,85,194,167,100,Gardevoir,0
855,Gardevoir-4,Timid,Wise Glasses,Psychic,Thunderbolt,Shadow Ball,Destiny Bond,SpA/Spe,143,76,85,177,135,145,Gardevoir,255
382,Gastrodon-1,Careful,Focus Sash,Waterfall,Earthquake,Recover,Mirror Coat,HP/SpD,218,103,88,100,147,59,Gastrodon,0
518,Gastrodon-2,Sassy,Zoom Lens,Muddy Water,Mud Bomb,Recover,Yawn,SpA/SpD,186,103,88,144,147,53,Gastrodon,0
654,Gastrodon-3,Adamant,Shell Bell,Waterfall,Earthquake,Stone Edge,Fissure,HP/Atk,218,148,88,100,102,59,Gastrodon,0
790,Gastrodon-4,Modest,Wise Glasses,Surf,Earth Power,Ice Beam,Sludge Bomb,HP/SpA,218,92,88,158,102,59,Gastrodon,0
419,Gengar-1,Timid,Payapa Berry,Shadow Ball,Sludge Bomb,Spite,Confuse Ray,SpA/Spe,135,76,80,182,95,178,Gengar,255
555,Gengar-2,Modest,Life Orb,Shadow Ball,Dream Eater,Hypnosis,Substitute,SpA/Spe,135,76,80,200,95,162,Gengar,255
691,Gengar-3,Modest,Scope Lens,Psychic,Energy Ball,Focus Blast,Confuse Ray,SpA/Spe,135,76,80,200,95,162,Gengar,255
827,Gengar-4,Modest,Lum Berry,Shadow Ball,Sludge Bomb,Thunderbolt,Destiny Bond,SpA/Spe,135,76,80,200,95,162,Gengar,255
316,Girafarig-2,Adamant,Razor Fang,Zen Headbutt,Double Hit,Crunch,Thunder Wave,Atk/Spe,145,145,85,99,85,137,Girafarig,255
458,Glaceon-1,Calm,Lax Incense,Ice Beam,Water Pulse,Double Team,Baton Pass,SpA/SpD,140,72,130,182,161,85,Glaceon,0
594,Glaceon-2,Calm,Leftovers,Ice Beam,Double Team,Yawn,Hail,SpA/SpD,140,72,130,182,161,85,Glaceon,0
730,Glaceon-3,Modest,Focus Sash,Blizzard,Hyper Beam,Hail,Mirror Coat,Def/SpA,140,72,162,200,115,85,Glaceon,0
866,Glaceon-4,Modest,Wise Glasses,Ice Beam,Shadow Ball,Signal Beam,Water Pulse,Def/SpA,140,72,162,200,115,85,Glaceon,0
390,Glalie-1,Brave,Iron Ball,Avalanche,Payback,Gyro Ball,Ice Shard,HP/Def/SpD,176,110,121,100,121,90,Glalie,0
526,Glalie-2,Adamant,Lum Berry,Ice Fang,Crunch,Earthquake,Explosion,HP/Atk,187,145,100,90,100,100,Glalie,0
662,Glalie-3,Modest,Scope Lens,Ice Beam,Shadow Ball,Signal Beam,Water Pulse,HP/SpA,187,90,100,145,100,100,Glalie,0
798,Glalie-4,Modest,Lax Incense,Blizzard,Dark Pulse,Sheer Cold,Hail,HP/SpA,187,90,100,145,100,100,Glalie,0
286,Gligar-2,Adamant,Quick Claw,Earthquake,Aerial Ace,Aqua Tail,Sandstorm,Atk/Spe,140,139,125,49,85,137,Gligar,255
441,Gliscor-1,Adamant,Yache Berry,Earthquake,Aerial Ace,Swords Dance,Baton Pass,Atk/Def,150,161,177,58,95,115,Gliscor,0
577,Gliscor-2,Jolly,Razor Claw,Earthquake,Fire Fang,Thunder Fang,Ice Fang,Atk/Spe,150,147,145,58,95,161,Gliscor,255
713,Gliscor-3,Jolly,Focus Sash,Guillotine,Earthquake,U-turn,Counter,HP/Spe,182,115,145,58,95,161,Gliscor,255
849,Gliscor-4,Adamant,Expert Belt,Earthquake,Aerial Ace,X-Scissor,Stone Edge,Atk/Def,150,161,177,58,95,115,Gliscor,0
312,Golbat-2,Adamant,Black Sludge,Poison Fang,Aerial Ace,Zen Headbutt,Confuse Ray,Atk/Spe,150,145,90,76,95,142,Golbat,255
415,Golduck-1,Modest,Rindo Berry,Surf,Psychic,Confuse Ray,Calm Mind,HP/SpA,187,91,98,161,100,105,Golduck,0
551,Golduck-2,Adamant,Shell Bell,Waterfall,Mud Bomb,Shadow Claw,Aerial Ace,Atk/Spe,155,147,98,103,100,137,Golduck,255
687,Golduck-3,Adamant,Scope Lens,Aqua Tail,Cross Chop,Ice Punch,Zen Headbutt,HP/Atk,187,147,98,103,100,105,Golduck,0
823,Golduck-4,Modest,Wacan Berry,Hydro Pump,Psychic,Ice Beam,Signal Beam,HP/SpA,187,91,98,161,100,105,Golduck,0
395,Golem-1,Impish,Focus Band,Earthquake,Rock Slide,Sucker Punch,Sandstorm,Atk/Def,155,162,200,67,85,65,Golem,0
531,Golem-2,Adamant,White Herb,Earthquake,Superpower,Fire Punch,ThunderPunch,Atk/Def,155,178,182,67,85,65,Golem,0
667,Golem-3,Brave,Iron Ball,Gyro Ball,Earthquake,Hammer Arm,Fling,Atk/Def,155,178,182,75,85,58,Golem,0
803,Golem-4,Brave,Quick Claw,Earthquake,Stone Edge,Gyro Ball,Explosion,Atk/Def,155,178,182,75,85,58,Golem,0
343,Gorebyss-2,Modest,Shell Bell,Surf,Psychic,Ice Beam,Rain Dance,Def/SpA,130,93,157,182,95,72,Gorebyss,0
367,Granbull-1,Adamant,Razor Fang,Return,Rock Slide,Crunch,Thunder Wave,HP/Atk,197,189,95,72,80,65,Granbull,0
503,Granbull-2,Adamant,Quick Claw,Facade,Fire Fang,Thunder Fang,Ice Fang,HP/Atk,197,189,95,72,80,65,Granbull,0
639,Granbull-3,Adamant,Muscle Band,Fire Punch,ThunderPunch,Ice Punch,Payback,HP/Atk,197,189,95,72,80,65,Granbull,0
775,Granbull-4,Adamant,Life Orb,Giga Impact,Close Combat,Earthquake,Stone Edge,HP/Atk,197,189,95,72,80,65,Granbull,0
260,Grotle-2,Brave,Occa Berry,Seed Bomb,Crunch,Curse,Synthesis,Atk/Def,150,155,137,75,85,50,Grotle,0
257,Grovyle-2,Adamant,Coba Berry,Leaf Blade,Rock Slide,Crunch,Screech,Atk/Spe,125,128,65,94,85,147,Grovyle,255
336,Grumpig-2,Calm,Colbur Berry,Psychic,Power Gem,Charge Beam,Mirror Coat,SpA/SpD,155,58,85,142,178,100,Grumpig,0
472,Gyarados-1,Careful,Razor Claw,Aqua Tail,Ice Fang,Bite,Rain Dance,Atk/SpD,170,177,99,72,167,101,Gyarados,0
608,Gyarados-2,Jolly,Lum Berry,Waterfall,Ice Fang,Iron Head,Dragon Dance,Atk/Spe,170,177,99,72,120,146,Gyarados,255
744,Gyarados-3,Adamant,Persim Berry,Outrage,Waterfall,Stone Edge,Giga Impact,Atk/SpD,170,194,99,72,152,101,Gyarados,0
880,Gyarados-4,Adamant,Chesto Berry,Waterfall,Earthquake,Rest,Dragon Dance,Atk/Spe,170,194,99,72,120,133,Gyarados,255
376,Hariyama-1,Adamant,Persim Berry,Arm Thrust,Earthquake,Facade,Fake Out,HP/Atk,251,189,80,54,80,70,Hariyama,0
512,Hariyama-2,Adamant,Iron Ball,Revenge,Payback,Fling,Fake Out,HP/Atk,251,189,80,54,80,70,Hariyama,0
648,Hariyama-3,Adamant,Life Orb,DynamicPunch,Fire Punch,ThunderPunch,Ice Punch,HP/Atk,251,189,80,54,80,70,Hariyama,0
784,Hariyama-4,Adamant,Scope Lens,Cross Chop,Earthquake,Stone Edge,Poison Jab,HP/Atk,251,189,80,54,80,70,Hariyama,0
906,Heatran-1,Modest,Shuca Berry,Heat Wave,Flash Cannon,AncientPower,Scary Face,SpA/SpD,166,99,126,200,158,97,Heatran,0
920,Heatran-2,Adamant,Quick Claw,Iron Head,Earthquake,Stone Edge,Crunch,HP/Atk,198,156,126,135,126,97,Heatran,0
934,Heatran-3,Modest,BrightPowder,Flamethrower,Earth Power,Dragon Pulse,Dark Pulse,HP/SpA,198,99,126,200,126,97,Heatran,0
948,Heatran-4,Quiet,Focus Sash,Magma Storm,Flash Cannon,Earth Power,Explosion,Atk/SpA,166,142,126,200,126,87,Heatran,0
424,Heracross-1,Jolly,Focus Band,Megahorn,Focus Punch,Swagger,Attract,Atk/Spe,155,177,95,54,115,150,Heracross,255
560,Heracross-2,Adamant,Scope Lens,Close Combat,Aerial Ace,Night Slash,Bulk Up,Atk/SpD,155,194,95,54,147,105,Heracross,0
696,Heracross-3,Adamant,Coba Berry,Megahorn,Stone Edge,Facade,Shadow Claw,Atk/Spe,155,194,95,54,115,137,Heracross,255
832,Heracross-4,Jolly,Salac Berry,Megahorn,Earthquake,Reversal,Endure,Atk/Spe,155,177,95,54,115,150,Heracross,255
460,Hippowdon-1,Impish,Persim Berry,Earthquake,Crunch,Slack Off,Curse,Atk/Def,183,164,187,79,92,67,Hippowdon,0
596,Hippowdon-2,Impish,Sitrus Berry,Earthquake,Swagger,Sand Tomb,Yawn,Atk/Def,183,164,187,79,92,67,Hippowdon,0
732,Hippowdon-3,Adamant,White Herb,Superpower,Fire Fang,Ice Fang,Fissure,HP/Atk,215,180,138,79,92,67,Hippowdon,0
868,Hippowdon-4,Adamant,Quick Claw,Earthquake,Stone Edge,Crunch,Thunder Fang,HP/Atk,215,180,138,79,92,67,Hippowdon,0
315,Hitmonchan-2,Adamant,King's Rock,Sky Uppercut,Mega Punch,Bullet Punch,Counter,Atk/SpD/Spe,125,160,99,49,151,117,Hitmonchan,170
314,Hitmonlee-2,Adamant,Salac Berry,Hi Jump Kick,Blaze Kick,Mega Kick,Endure,Atk/SpD/Spe,125,177,73,49,151,128,Hitmonlee,170
317,Hitmontop-2,Adamant,Muscle Band,Triple Kick,Bullet Punch,Aerial Ace,Counter,HP/Atk,157,161,115,49,130,90,Hitmontop,0
438,Honchkrow-1,Adamant,Wacan Berry,Night Slash,Aerial Ace,Torment,Taunt,HP/Atk,207,194,72,112,72,91,Honchkrow,0
574,Honchkrow-2,Adamant,White Herb,Superpower,Pluck,Confuse Ray,Thunder Wave,HP/Atk,207,194,72,112,72,91,Honchkrow,0
710,Honchkrow-3,Modest,Life Orb,Dark Pulse,Air Cutter,Psychic,Shadow Ball,HP/SpA,207,130,72,172,72,91,Honchkrow,0
846,Honchkrow-4,Adamant,Scope Lens,Night Slash,Drill Peck,Sucker Punch,Steel Wing,HP/Atk,207,194,72,112,72,91,Honchkrow,0
426,Houndoom-1,Jolly,Focus Sash,Fire Fang,Crunch,Roar,Counter,Atk/Spe,150,142,70,117,100,161,Houndoom,255
562,Houndoom-2,Jolly,Focus Sash,Fire Fang,Thunder Fang,Reversal,Endure,Atk/Spe,150,142,70,117,100,161,Houndoom,255
698,Houndoom-3,Modest,Passho Berry,Flamethrower,Shadow Ball,Sludge Bomb,Will-O-Wisp,SpA/Spe,150,99,70,178,100,147,Houndoom,255
834,Houndoom-4,Timid,White Herb,Overheat,Dark Pulse,SolarBeam,Sunny Day,SpA/Spe,150,99,70,162,100,161,Houndoom,255
342,Huntail-2,Adamant,Shell Bell,Aqua Tail,Crunch,Ice Fang,Rain Dance,Atk/Def,130,171,157,102,95,72,Huntail,0
394,Hypno-1,Brave,Iron Ball,Psycho Cut,Fling,Hypnosis,Trick Room,Atk/SpD,160,137,90,93,167,78,Hypno,0
530,Hypno-2,Quirky,Persim Berry,Dream Eater,Nightmare,Drain Punch,Hypnosis,SpA/SpD,160,93,90,125,167,87,Hypno,0
666,Hypno-3,Adamant,Sitrus Berry,Zen Headbutt,Fire Punch,ThunderPunch,Ice Punch,Atk/SpD,160,137,90,83,167,87,Hypno,0
802,Hypno-4,Modest,Choice Specs,Psychic,Shadow Ball,Signal Beam,Focus Blast,SpA/SpD,160,83,90,137,167,87,Hypno,0
361,Infernape-1,Jolly,Coba Berry,Close Combat,Fire Punch,U-turn,Fake Out,Atk/Spe,151,156,91,111,91,176,Infernape,255
497,Infernape-2,Adamant,Muscle Band,Blaze Kick,Shadow Claw,ThunderPunch,Gunk Shot,Atk/Spe,151,171,91,111,91,160,Infernape,255
633,Infernape-3,Modest,BrightPowder,Flamethrower,Focus Blast,SolarBeam,Sunny Day,SpA/Spe,151,111,91,171,91,160,Infernape,255
769,Infernape-4,Jolly,King's Rock,Flare Blitz,Close Combat,Earthquake,ThunderPunch,Atk/Spe,151,156,91,111,91,176,Infernape,255
251,Ivysaur-2,Modest,Big Root,Giga Drain,Sludge Bomb,Sleep Powder,Leech Seed,SpA/SpD,135,73,83,145,132,80,Ivysaur,0
453,Jolteon-1,Timid,Focus Sash,Thunderbolt,Thunder Wave,Agility,Baton Pass,SpA/Spe,140,76,80,162,115,200,Jolteon,255
589,Jolteon-2,Hardy,Razor Fang,Discharge,Double Kick,Dig,Thunder Wave,Atk/SpA,140,117,80,162,115,150,Jolteon,0
725,Jolteon-3,Timid,Lax Incense,Thunder,Shadow Ball,Rain Dance,Yawn,SpA/Spe,140,76,80,162,115,200,Jolteon,255
861,Jolteon-4,Modest,Razor Claw,Thunderbolt,Hyper Beam,Shadow Ball,Signal Beam,SpA/Spe,140,76,80,178,115,182,Jolteon,255
308,Jumpluff-2,Adamant,Sitrus Berry,Seed Bomb,Bounce,Sleep Powder,Synthesis,Atk/Spe,150,117,90,67,105,162,Jumpluff,255
368,Jynx-1,Calm,Chesto Berry,Psychic,Ice Beam,Lovely Kiss,Fake Tears,SpA/SpD,140,63,55,167,161,115,Jynx,0
504,Jynx-2,Calm,Lax Incense,Dream Eater,Lovely Kiss,Perish Song,Mean Look,SpA/SpD,140,63,55,167,161,115,Jynx,0
640,Jynx-3,Modest,Expert Belt,Blizzard,Energy Ball,Signal Beam,Wring Out,SpA/Spe,140,63,55,183,115,147,Jynx,255
776,Jynx-4,Modest,Choice Specs,Ice Beam,Psychic,Focus Blast,Shadow Ball,SpA/Spe,140,63,55,183,115,147,Jynx,255
348,Kabutops-2,Adamant,Razor Fang,Waterfall,Rock Slide,Slash,Swords Dance,Atk/Def,135,183,157,76,90,100,Kabutops,0
278,Kadabra-2,Modest,Cheri Berry,Psychic,Shadow Ball,Shock Wave,Reflect,SpA/Spe,115,49,50,189,90,157,Kadabra,255
399,Kangaskhan-1,Jolly,Salac Berry,Double-Edge,Crunch,Reversal,Endure,Atk/Spe,180,147,100,54,100,156,Kangaskhan,255
535,Kangaskhan-2,Adamant,Razor Fang,Dizzy Punch,Fire Punch,ThunderPunch,Ice Punch,HP/Atk,212,161,100,54,100,110,Kangaskhan,0
671,Kangaskhan-3,Jolly,Life Orb,Double Hit,Hammer Arm,Shadow Claw,Rock Slide,Atk/Spe,180,147,100,54,100,156,Kangaskhan,255
807,Kangaskhan-4,Adamant,Muscle Band,Giga Impact,Earthquake,Crunch,Outrage,HP/Atk,212,161,100,54,100,110,Kangaskhan,0
300,Kecleon-2,Careful,Choice Scarf,Frustration,Shadow Claw,Aerial Ace,Trick,Atk/SpD,135,142,90,72,189,60,Kecleon,0
474,Kingdra-1,Timid,Razor Claw,Surf,Dragon Pulse,SmokeScreen,Rain Dance,SpA/Spe,150,103,115,147,115,150,Kingdra,255
610,Kingdra-2,Timid,Shell Bell,Brine,Ice Beam,Twister,Yawn,SpA/Spe,150,103,115,147,115,150,Kingdra,255
746,Kingdra-3,Adamant,Lum Berry,Waterfall,Outrage,Iron Head,Dragon Dance,HP/Atk,182,161,115,103,115,105,Kingdra,0
882,Kingdra-4,Modest,Wide Lens,Hydro Pump,Draco Meteor,Blizzard,Signal Beam,HP/SpA,182,103,115,161,115,105,Kingdra,0
338,Kingler-2,Jolly,Salac Berry,Crabhammer,Guillotine,Flail,Endure,Atk/Spe,130,182,135,63,70,139,Kingler,255
291,Lairon-2,Impish,Sitrus Berry,Iron Head,Rock Slide,Earthquake,Roar,Atk/Def,135,142,211,63,70,60,Lairon,0
370,Lanturn-1,Modest,Rindo Berry,Surf,Discharge,Thunder Wave,Aqua Ring,HP/SpA,232,70,78,140,96,87,Lanturn,0
506,Lanturn-2,Calm,Lum Berry,Dive,Confuse Ray,Thunder Wave,Attract,HP/SpD,232,70,78,96,140,87,Lanturn,0
642,Lanturn-3,Modest,Sitrus Berry,Hydro Pump,Thunder,Blizzard,Rain Dance,HP/SpA,232,70,78,140,96,87,Lanturn,0
778,Lanturn-4,Modest,Expert Belt,Surf,Thunderbolt,Ice Beam,Signal Beam,HP/SpA,232,70,78,140,96,87,Lanturn,0
466,Lapras-1,Adamant,Leftovers,Aqua Tail,Avalanche,Ice Shard,Curse,HP/Atk,237,150,100,94,115,80,Lapras,0
602,Lapras-2,Impish,Quick Claw,Sheer Cold,Perish Song,Sing,Confuse Ray,Def/SpD,205,105,145,94,147,80,Lapras,0
738,Lapras-3,Adamant,Lum Berry,Waterfall,Outrage,Zen Headbutt,Dragon Dance,HP/Atk,237,150,100,94,115,80,Lapras,0
874,Lapras-4,Modest,BrightPowder,Surf,Ice Beam,Psychic,Thunderbolt,HP/SpA,237,94,100,150,115,80,Lapras,0
904,Latias-1,Calm,Lum Berry,Psychic,Dragon Pulse,Attract,Calm Mind,SpA/SpD,155,90,110,162,200,130,Latias,0
918,Latias-2,Adamant,Expert Belt,Dragon Claw,Zen Headbutt,Earthquake,Aerial Ace,Atk/Spe,155,145,110,117,150,162,Latias,255
932,Latias-3,Timid,BrightPowder,Psychic,Ice Beam,Energy Ball,Shadow Ball,SpA/Spe,155,90,110,162,150,178,Latias,255
946,Latias-4,Modest,White Herb,Mist Ball,Draco Meteor,Thunderbolt,Surf,SpA/Spe,155,90,110,178,150,162,Latias,255
905,Latios-1,Calm,Focus Band,Psychic,Dragon Pulse,Thunder Wave,Calm Mind,SpA/SpD,155,99,100,182,178,130,Latios,0
919,Latios-2,Adamant,Lum Berry,Dragon Claw,Shadow Claw,Earthquake,Dragon Dance,Atk/Spe,155,156,100,135,130,162,Latios,255
933,Latios-3,Timid,BrightPowder,Psychic,Thunderbolt,Ice Beam,Energy Ball,SpA/Spe,155,99,100,182,130,178,Latios,255
947,Latios-4,Modest,White Herb,Luster Purge,Draco Meteor,Hyper Beam,Surf,SpA/Spe,155,99,100,200,130,162,Latios,255
457,Leafeon-1,Jolly,Scope Lens,Leaf Blade,Aerial Ace,Double Team,Baton Pass,Atk/Spe,140,162,150,72,85,161,Leafeon,255
593,Leafeon-2,Jolly,BrightPowder,Leaf Blade,Last Resort,Curse,GrassWhistle,Atk/Spe,140,162,150,72,85,161,Leafeon,255
729,Leafeon-3,Adamant,Heat Rock,Leaf Blade,X-Scissor,Synthesis,Sunny Day,Atk/Def,140,178,182,72,85,115,Leafeon,0
865,Leafeon-4,Adamant,Quick Claw,Leaf Blade,X-Scissor,Aerial Ace,Bite,Atk/Def,140,178,182,72,85,115,Leafeon,0
445,Lickilicky-1,Careful,Chesto Berry,Return,Earthquake,Belly Drum,Rest,HP/Atk,217,137,115,90,126,70,Lickilicky,0
581,Lickilicky-2,Modest,Expert Belt,Surf,Ice Beam,Thunderbolt,Shadow Ball,HP/SpA,217,94,115,145,115,70,Lickilicky,0
717,Lickilicky-3,Brave,Lum Berry,Return,Gyro Ball,Curse,Rest,HP/Atk,217,150,115,100,115,63,Lickilicky,0
853,Lickilicky-4,Adamant,Lax Incense,Body Slam,Power Whip,Earthquake,Explosion,HP/Atk,217,150,115,90,115,70,Lickilicky,0
124,Lickitung-2,Adamant,Chesto Berry,Secret Power,Rock Tomb,Lick,Screech,HP/Atk,197,117,95,72,95,50,Lickitung,0
277,Linoone-2,Jolly,Choice Scarf,Frustration,Shadow Claw,Dig,Switcheroo,Atk/Spe,153,122,81,63,81,167,Linoone,255
391,Lopunny-1,Jolly,Focus Band,Return,Drain Punch,Charm,Mirror Coat,Atk/Spe,140,128,104,66,116,172,Lopunny,255
527,Lopunny-2,Jolly,BrightPowder,Focus Punch,Sweet Kiss,Attract,Thunder Wave,HP/Spe,172,96,104,66,116,172,Lopunny,255
663,Lopunny-3,Modest,Wise Glasses,Charge Beam,Ice Beam,Shadow Ball,Focus Blast,SpA/Spe,140,86,104,116,116,157,Lopunny,255
799,Lopunny-4,Jolly,Muscle Band,Dizzy Punch,Fire Punch,ThunderPunch,Ice Punch,Atk/Spe,140,128,104,66,116,172,Lopunny,255
459,Lucario-1,Modest,BrightPowder,Aura Sphere,Flash Cannon,Water Pulse,Roar,SpA/Spe,145,117,90,183,90,142,Lucario,255
595,Lucario-2,Adamant,Scope Lens,Cross Chop,Stone Edge,ThunderPunch,Ice Punch,Atk/Spe,145,178,90,121,90,142,Lucario,255
731,Lucario-3,Adamant,Muscle Band,Close Combat,Earthquake,Blaze Kick,Shadow Claw,Atk/Spe,145,178,90,121,90,142,Lucario,255
867,Lucario-4,Modest,Expert Belt,Aura Sphere,Psychic,Shadow Ball,Dragon Pulse,SpA/Spe,145,117,90,183,90,142,Lucario,255
387,Ludicolo-1,Adamant,Muscle Band,Waterfall,Razor Leaf,Drain Punch,Swords Dance,Atk/SpD,155,134,90,99,152,90,Ludicolo,0
523,Ludicolo-2,Impish,Leftovers,Leech Seed,Toxic,Double Team,Rain Dance,HP/Def/SpD,176,90,122,99,141,90,Ludicolo,0
659,Ludicolo-3,Modest,Wide Lens,Hydro Pump,Grass Knot,Blizzard,Focus Blast,HP/SpA,187,81,90,156,120,90,Ludicolo,0
795,Ludicolo-4,Modest,Lum Berry,Surf,Giga Drain,Ice Beam,Rain Dance,SpA/SpD,155,81,90,156,152,90,Ludicolo,0
327,Lumineon-2,Modest,Shell Bell,Surf,Silver Wind,Attract,Aqua Ring,SpA/Spe,144,80,96,133,106,143,Lumineon,255
298,Lunatone-2,Modest,Passho Berry,Psychic,AncientPower,Shadow Ball,Cosmic Power,SpA/SpD,145,67,85,161,137,90,Lunatone,0
273,Luxio-2,Modest,Petaya Berry,Thunderbolt,Signal Beam,Swift,Thunder Wave,HP/SpA,167,94,69,123,69,80,Luxio,0
433,Luxray-1,Adamant,Razor Fang,Thunder Fang,Crunch,Howl,Charge,HP/Atk,187,189,99,103,99,90,Luxray,0
569,Luxray-2,Modest,Wise Glasses,Thunderbolt,Signal Beam,Thunder Wave,Magnet Rise,HP/SpA,187,126,99,161,99,90,Luxray,0
705,Luxray-3,Adamant,White Herb,Thunder Fang,Ice Fang,Superpower,Thunder Wave,HP/Atk,187,189,99,103,99,90,Luxray,0
841,Luxray-4,Adamant,Muscle Band,Thunder Fang,Ice Fang,Crunch,Thunder Wave,HP/Atk,187,189,99,103,99,90,Luxray,0
435,Machamp-1,Adamant,Scope Lens,Cross Chop,Earthquake,Bullet Punch,Foresight,HP/Atk,197,200,100,76,105,75,Machamp,0
571,Machamp-2,Adamant,Focus Sash,Revenge,Earthquake,Payback,Counter,Def/SpD,165,165,132,76,137,75,Machamp,0
707,Machamp-3,Adamant,Quick Claw,DynamicPunch,Earthquake,Stone Edge,Ice Punch,HP/Atk,197,200,100,76,105,75,Machamp,0
843,Machamp-4,Adamant,Quick Claw,Cross Chop,Earthquake,ThunderPunch,Fire Punch,HP/Atk,197,200,100,76,105,75,Machamp,0
269,Machoke-2,Adamant,Scope Lens,Cross Chop,Facade,Rock Slide,Counter,HP/Atk,187,167,90,63,80,65,Machoke,0
264,Magcargo-2,Quiet,Quick Claw,Overheat,Rock Slide,Earthquake,Body Slam,Atk/SpA,125,102,140,145,100,45,Magcargo,0
346,Magmar-2,Modest,Lax Incense,Flamethrower,Psychic,Focus Blast,Confuse Ray,SpA/Spe,140,103,77,167,105,145,Magmar,255
478,Magmortar-1,Modest,Heat Rock,Fire Blast,Focus Blast,Will-O-Wisp,Sunny Day,SpA/Spe,150,103,87,194,115,135,Magmortar,255
614,Magmortar-2,Adamant,Shuca Berry,Fire Punch,Focus Punch,Confuse Ray,SmokeScreen,Atk/Spe,150,161,87,130,115,135,Magmortar,255
750,Magmortar-3,Adamant,Passho Berry,Flare Blitz,ThunderPunch,Earthquake,Brick Break,Atk/Spe,150,161,87,130,115,135,Magmortar,255
886,Magmortar-4,Modest,White Herb,Overheat,Psychic,Focus Blast,Confuse Ray,SpA/Spe,150,103,87,194,115,135,Magmortar,255
328,Magneton-2,Modest,Shuca Berry,Thunderbolt,Mirror Shot,Thunder Wave,Magnet Rise,Def/SpA,125,72,147,189,90,90,Magneton,0
468,Magnezone-1,Bold,Light Clay,Thunderbolt,Mirror Shot,Light Screen,Reflect,Def/SpA,145,81,183,182,110,80,Magnezone,0
604,Magnezone-2,Impish,Lum Berry,Iron Head,Explosion,Swagger,Psych Up,Atk/Def,145,122,183,135,110,80,Magnezone,0
740,Magnezone-3,Modest,Chesto Berry,Charge Beam,Flash Cannon,Magnet Rise,Thunder Wave,Def/SpA,145,81,167,200,110,80,Magnezone,0
876,Magnezone-4,Modest,BrightPowder,Thunderbolt,Flash Cannon,Tri Attack,Signal Beam,Def/SpA,145,81,167,200,110,80,Magnezone,0
465,Mamoswine-1,Adamant,Icy Rock,Earthquake,Ice Fang,Peck,Hail,HP/Atk,217,200,100,81,80,100,Mamoswine,0
601,Mamoswine-2,Adamant,Sitrus Berry,Avalanche,Earthquake,Iron Head,Curse,HP/Atk,217,200,100,81,80,100,Mamoswine,0
737,Mamoswine-3,Adamant,Lax Incense,Earthquake,Superpower,Fissure,Hail,HP/Atk,217,200,100,81,80,100,Mamoswine,0
873,Mamoswine-4,Adamant,Life Orb,Earthquake,Ice Fang,Stone Edge,Double-Edge,HP/Atk,217,200,100,81,80,100,Mamoswine,0
380,Manectric-1,Adamant,Shuca Berry,Thunder Fang,Crunch,Roar,Thunder Wave,Atk/Spe,145,139,80,112,80,157,Manectric,255
516,Manectric-2,Modest,Damp Rock,Thunder,Hyper Beam,Thunder Wave,Rain Dance,SpA/Spe,145,85,80,172,80,157,Manectric,255
652,Manectric-3,Adamant,Quick Claw,Thunder Fang,Fire Fang,Ice Fang,Bite,Atk/Spe,145,139,80,112,80,157,Manectric,255
788,Manectric-4,Timid,BrightPowder,Thunderbolt,Flamethrower,Signal Beam,Swift,SpA/Spe,145,85,80,157,80,172,Manectric,255
329,Mantine-2,Modest,Shell Bell,Surf,Air Cutter,Ice Beam,Confuse Ray,SpA/SpD,140,54,90,145,192,90,Mantine,0
364,Marowak-1,Adamant,Razor Fang,Bone Rush,Brick Break,Iron Tail,Sandstorm,Atk/Def,135,145,162,63,100,65,Marowak,0
500,Marowak-2,Adamant,Thick Club,Bone Rush,Fire Punch,ThunderPunch,Rock Slide,Atk/Def,135,145,162,63,100,65,Marowak,0
636,Marowak-3,Adamant,Thick Club,Earthquake,Giga Impact,Outrage,Fire Punch,Atk/Def,135,145,162,63,100,65,Marowak,0
772,Marowak-4,Adamant,Thick Club,Earthquake,Stone Edge,Iron Head,ThunderPunch,Atk/Def,135,145,162,63,100,65,Marowak,0
259,Marshtomp-2,Quiet,Persim Berry,Muddy Water,Earthquake,AncientPower,Protect,Atk/SpA,145,137,90,123,90,63,Marshtomp,0
271,Masquerain-2,Quiet,Petaya Berry,Bug Buzz,Air Slash,Shadow Ball,Stun Spore,SpA/SpD,145,80,82,145,134,72,Masquerain,0
365,Medicham-1,Jolly,Salac Berry,Zen Headbutt,Reversal,Endure,Fake Out,Atk/Spe,135,224,95,72,95,145,Medicham,255
501,Medicham-2,Jolly,Cheri Berry,Drain Punch,Poison Jab,Detect,Recover,Atk/Spe,135,224,95,72,95,145,Medicham,255
637,Medicham-3,Modest,Wise Glasses,Psychic,Focus Blast,Shadow Ball,Calm Mind,SpA/Spe,135,144,95,123,95,132,Medicham,255
773,Medicham-4,Adamant,Scope Lens,Psycho Cut,Fire Punch,ThunderPunch,Ice Punch,Atk/Spe,135,246,95,72,95,132,Medicham,255
354,Meganium-1,Modest,Heat Rock,SolarBeam,AncientPower,Synthesis,Sunny Day,Def/SpD,155,91,152,113,152,100,Meganium,0
490,Meganium-2,Calm,Big Root,Giga Drain,Leech Seed,Toxic,Substitute,HP/Def/SpD,176,91,141,103,155,100,Meganium,0
626,Meganium-3,Bold,Light Clay,Leaf Storm,Wring Out,Light Screen,Reflect,HP/SpA,187,91,132,135,120,100,Meganium,0
762,Meganium-4,Modest,Lax Incense,Frenzy Plant,AncientPower,Hyper Beam,Light Screen,HP/SpA,187,91,120,148,120,100,Meganium,0
484,Metagross-1,Adamant,BrightPowder,Zen Headbutt,Bullet Punch,Facade,Light Screen,Atk/Def,155,205,182,103,110,90,Metagross,0
620,Metagross-2,Modest,Wise Glasses,Psychic,Flash Cannon,Shadow Ball,Sludge Bomb,Def/SpA,155,139,182,161,110,90,Metagross,0
756,Metagross-3,Adamant,Occa Berry,Hammer Arm,ThunderPunch,Ice Punch,Aerial Ace,Atk/Def,155,205,182,103,110,90,Metagross,0
892,Metagross-4,Adamant,Quick Claw,Meteor Mash,Zen Headbutt,Earthquake,Explosion,HP/Atk,187,205,150,103,110,90,Metagross,0
280,Metang-2,Adamant,Shuca Berry,Meteor Mash,Zen Headbutt,Bullet Punch,Scary Face,HP/Atk,167,139,120,67,100,70,Metang,0
276,Mightyena-2,Adamant,Chople Berry,Crunch,Take Down,Sucker Punch,Howl,Atk/Def,145,156,122,72,80,90,Mightyena,0
476,Milotic-1,Modest,Shell Bell,Surf,Ice Beam,Attract,Hypnosis,HP/SpA,202,72,99,167,145,101,Milotic,0
612,Milotic-2,Impish,Leftovers,Toxic,Confuse Ray,Double Team,Aqua Ring,HP/Def,202,80,144,108,145,101,Milotic,0
748,Milotic-3,Calm,Wide Lens,Hydro Pump,Blizzard,Mirror Coat,Recover,SpA/SpD,170,72,99,152,194,101,Milotic,0
884,Milotic-4,Modest,Lum Berry,Surf,Ice Beam,Dragon Pulse,Recover,HP/SpA,202,72,99,167,145,101,Milotic,0
403,Miltank-1,Impish,Cheri Berry,Return,Iron Head,Thunder Wave,Milk Drink,Atk/Def,170,132,172,54,90,120,Miltank,0
539,Miltank-2,Adamant,Salac Berry,Facade,Zen Headbutt,Reversal,Endure,Atk/Spe,170,145,125,54,90,152,Miltank,255
675,Miltank-3,Adamant,Scope Lens,Dizzy Punch,Fire Punch,ThunderPunch,Ice Punch,Atk/Def,170,145,157,54,90,120,Miltank,0
811,Miltank-4,Adamant,Muscle Band,Giga Impact,Earthquake,Rock Slide,Zen Headbutt,Atk/Spe,170,145,125,54,90,152,Miltank,255
293,Misdreavus-2,Modest,Kasib Berry,Shadow Ball,Psychic,Thunder Wave,Confuse Ray,SpA/Spe,135,72,80,150,105,137,Misdreavus,255
413,Mismagius-1,Modest,Kasib Berry,Shadow Ball,Power Gem,Magical Leaf,Memento,SpA/Spe,135,72,80,172,125,157,Mismagius,255
549,Mismagius-2,Modest,Lum Berry,Shadow Ball,Confuse Ray,Perish Song,Mean Look,SpA/SpD,135,72,80,172,157,125,Mismagius,0
685,Mismagius-3,Timid,Wise Glasses,Shadow Ball,Energy Ball,Icy Wind,Destiny Bond,SpA/Spe,135,72,80,157,125,172,Mismagius,255
821,Mismagius-4,Timid,Focus Sash,Shadow Ball,Psychic,Thunderbolt,Destiny Bond,SpA/Spe,135,72,80,157,125,172,Mismagius,255
897,Moltres-1,Timid,Passho Berry,Flamethrower,Air Slash,AncientPower,Roost,SpA/Spe,165,108,110,177,105,156,Moltres,255
911,Moltres-2,Timid,Heat Rock,Fire Blast,SolarBeam,Hyper Beam,Sunny Day,HP/SpA,197,108,110,177,105,121,Moltres,0
925,Moltres-3,Adamant,Power Herb,Sky Attack,Return,Steel Wing,U-turn,Atk/Spe,165,167,110,130,105,142,Moltres,255
939,Moltres-4,Modest,White Herb,Overheat,Air Slash,AncientPower,Ominous Wind,SpA/Spe,165,108,110,194,105,142,Moltres,255
261,Monferno-2,Adamant,Scope Lens,Blaze Kick,Brick Break,Rock Slide,Torment,Atk/Spe,139,143,72,88,72,133,Monferno,255
282,Mothim-2,Modest,Coba Berry,Bug Buzz,Air Slash,Psychic,PoisonPowder,HP/SpA,171,88,72,143,72,101,Mothim,0
369,Mr. Mime-1,Calm,Cheri Berry,Psychic,Signal Beam,Copycat,Mimic,SpA/SpD,115,58,85,152,189,110,Mr. Mime,0
505,Mr. Mime-2,Calm,Light Clay,Dream Eater,Hypnosis,Light Screen,Reflect,SpA/SpD,115,58,85,152,189,110,Mr. Mime,0
641,Mr. Mime-3,Modest,Kasib Berry,Psychic,Thunderbolt,Energy Ball,Hyper Beam,SpA/SpD,115,58,85,167,172,110,Mr. Mime,0
777,Mr. Mime-4,Modest,Choice Specs,Psychic,Charge Beam,Shadow Ball,Focus Blast,SpA/SpD,115,58,85,167,172,110,Mr. Mime,0
418,Muk-1,Adamant,Black Sludge,Poison Jab,Shadow Sneak,Minimize,Acid Armor,HP/Atk,212,172,95,76,120,70,Muk,0
554,Muk-2,Adamant,Expert Belt,Poison Jab,Fire Punch,ThunderPunch,Ice Punch,HP/Atk,212,172,95,76,120,70,Muk,0
690,Muk-3,Brave,Zoom Lens,Gunk Shot,Payback,Shadow Sneak,Curse,HP/Atk,212,172,95,85,120,63,Muk,0
826,Muk-4,Adamant,Quick Claw,Gunk Shot,Shadow Sneak,Brick Break,Explosion,HP/Atk,212,172,95,76,120,70,Muk,0
408,Nidoking-1,Impish,Focus Band,Earthquake,Poison Jab,Double Kick,Counter,HP/Atk,188,144,106,94,95,105,Nidoking,0
544,Nidoking-2,Careful,BrightPowder,Focus Punch,Dragon Pulse,Horn Drill,Substitute,HP/Def/SpD,177,112,118,94,127,105,Nidoking,0
680,Nidoking-3,Modest,Expert Belt,Earth Power,Sludge Bomb,Ice Beam,Shadow Ball,SpA/Spe,156,100,97,150,95,137,Nidoking,255
816,Nidoking-4,Adamant,Muscle Band,Earthquake,Poison Jab,Megahorn,Outrage,Atk/Spe,156,158,97,94,95,137,Nidoking,255
407,Nidoqueen-1,Adamant,Payapa Berry,Earthquake,Poison Fang,Aerial Ace,Charm,HP/Atk,197,147,107,85,105,96,Nidoqueen,0
543,Nidoqueen-2,Adamant,Scope Lens,Poison Jab,Fire Punch,ThunderPunch,Ice Punch,HP/Atk,197,147,107,85,105,96,Nidoqueen,0
679,Nidoqueen-3,Modest,Black Sludge,Sludge Bomb,Earth Power,Flamethrower,Ice Beam,HP/SpA,197,91,107,139,105,96,Nidoqueen,0
815,Nidoqueen-4,Adamant,Razor Fang,Earthquake,Poison Jab,Superpower,Crunch,HP/Atk,197,147,107,85,105,96,Nidoqueen,0
434,Ninetales-1,Timid,BrightPowder,Fire Blast,SolarBeam,Attract,Sunny Day,SpA/Spe,148,86,95,133,120,167,Ninetales,255
570,Ninetales-2,Timid,White Herb,Overheat,Dark Pulse,Nasty Plot,Confuse Ray,SpA/Spe,148,86,95,133,120,167,Ninetales,255
706,Ninetales-3,Timid,Wide Lens,Heat Wave,Ominous Wind,Dream Eater,Hypnosis,SpD/Spe,148,86,95,101,152,167,Ninetales,255
842,Ninetales-4,Modest,Passho Berry,Flamethrower,Extrasensory,Energy Ball,Calm Mind,SpA/Spe,148,86,95,146,120,152,Ninetales,255
320,Ninjask-2,Adamant,Razor Claw,X-Scissor,Aerial Ace,Night Slash,Baton Pass,HP/Atk,168,156,65,63,70,180,Ninjask,0
303,Noctowl-2,Quiet,Persim Berry,Air Slash,Swift,Psychic,Reflect,HP/SpA,207,70,70,140,116,81,Noctowl,0
341,Octillery-2,Modest,Life Orb,Octazooka,Flamethrower,Psychic,Thunder Wave,HP/SpA,182,112,95,172,95,65,Octillery,0
347,Omastar-2,Modest,Sitrus Berry,Surf,Stone Edge,Ice Beam,Toxic Spikes,Def/SpA,145,72,177,183,90,75,Omastar,0
290,Pelipper-2,Modest,Shell Bell,Surf,Air Cutter,Ice Beam,Tailwind,Def/SpA,135,63,152,150,90,85,Pelipper,0
295,Persian-2,Adamant,Razor Fang,Slash,Shadow Claw,Bite,Fake Out,Atk/Spe,140,134,80,76,85,167,Persian,255
333,Pidgeot-2,Adamant,Razor Fang,Return,Aerial Ace,Steel Wing,U-turn,Atk/Spe,158,145,95,81,90,143,Pidgeot,255
309,Piloswine-2,Adamant,Muscle Band,Ice Fang,Earthquake,Stone Edge,Curse,HP/Atk,207,167,100,72,80,70,Piloswine,0
422,Pinsir-1,Adamant,Coba Berry,X-Scissor,Earthquake,Rock Slide,Swords Dance,Atk/Def,140,194,152,67,90,105,Pinsir,0
558,Pinsir-2,Jolly,Salac Berry,X-Scissor,Revenge,Flail,Endure,Atk/Spe,140,177,120,67,90,150,Pinsir,255
694,Pinsir-3,Adamant,Lax Incense,X-Scissor,Superpower,Stone Edge,Giga Impact,Atk/Def,140,194,152,67,90,105,Pinsir,0
830,Pinsir-4,Adamant,Scope Lens,X-Scissor,Earthquake,Close Combat,Guillotine,Atk/Def,140,194,152,67,90,105,Pinsir,0
421,Politoed-1,Calm,Lax Incense,Surf,Hyper Voice,Mud Bomb,Swagger,SpA/SpD,165,85,95,142,167,90,Politoed,0
557,Politoed-2,Impish,Chesto Berry,Dive,Brick Break,Hypnosis,Perish Song,HP/Atk,197,127,104,99,120,90,Politoed,0
693,Politoed-3,Careful,Chesto Berry,Waterfall,Earthquake,Belly Drum,Rest,Atk/SpD,165,127,95,99,167,90,Politoed,0
829,Politoed-4,Modest,Wacan Berry,Hydro Pump,Ice Beam,Psychic,Hypnosis,SpA/SpD,165,85,95,156,152,90,Politoed,0
416,Poliwrath-1,Modest,Rindo Berry,Surf,Vacuum Wave,Psychic,Double Team,HP/SpA,197,94,115,134,110,90,Poliwrath,0
552,Poliwrath-2,Adamant,Lax Incense,Waterfall,DynamicPunch,Poison Jab,Bulk Up,HP/Atk,197,150,115,81,110,90,Poliwrath,0
688,Poliwrath-3,Modest,Wide Lens,Hydro Pump,Focus Blast,Blizzard,Mud Bomb,HP/SpA,197,94,115,134,110,90,Poliwrath,0
824,Poliwrath-4,Adamant,Expert Belt,Waterfall,Focus Punch,Earthquake,Hypnosis,HP/Atk,197,150,115,81,110,90,Poliwrath,0
444,Porygon2-1,Modest,Cheri Berry,Tri Attack,Charge Beam,Thunder Wave,Recycle,HP/SpA,192,90,110,172,115,80,Porygon2,0
580,Porygon2-2,Quiet,Iron Ball,Tri Attack,Thunderbolt,Recover,Trick Room,HP/SpA,192,100,110,172,115,72,Porygon2,0
716,Porygon2-3,Modest,Wise Glasses,Tri Attack,Thunderbolt,Psychic,Ice Beam,HP/SpA,192,90,110,172,115,80,Porygon2,0
852,Porygon2-4,Modest,Lum Berry,Tri Attack,Signal Beam,Shadow Ball,Ice Beam,HP/SpA,192,90,110,172,115,80,Porygon2,0
471,Porygon-Z-1,Modest,Sitrus Berry,Tri Attack,Shadow Ball,Recycle,Conversion 2,HP/SpA,192,90,90,205,95,110,Porygon-Z,0
607,Porygon-Z-2,Timid,Choice Scarf,Tri Attack,Thunder Wave,Recover,Trick,SpA/Spe,160,90,90,187,95,156,Porygon-Z,255
743,Porygon-Z-3,Modest,Wise Glasses,Psychic,Ice Beam,Signal Beam,Charge Beam,HP/SpA,192,90,90,205,95,110,Porygon-Z,0
879,Porygon-Z-4,Modest,Expert Belt,Tri Attack,Shadow Ball,Thunderbolt,Recover,SpA/Spe,160,90,90,205,95,142,Porygon-Z,255
313,Primeape-2,Adamant,Expert Belt,Cross Chop,Earthquake,Rock Slide,Swagger,Atk/Spe,140,172,80,72,90,147,Primeape,255
262,Prinplup-2,Bashful,Focus Band,Surf,Drill Peck,Metal Claw,Rain Dance,Atk/SpA,139,118,88,133,96,70,Prinplup,0
461,Probopass-1,Brave,Cheri Berry,AncientPower,Magnet Bomb,Thunder Wave,Protect,Atk/SpA,135,117,165,127,170,54,Probopass,0
597,Probopass-2,Adamant,Chople Berry,Iron Head,Fire Punch,ThunderPunch,Ice Punch,Atk/SpD,135,117,165,85,202,60,Probopass,0
733,Probopass-3,Adamant,Scope Lens,Stone Edge,Iron Head,Earthquake,Explosion,Atk/Def,135,117,197,85,170,60,Probopass,0
869,Probopass-4,Modest,Life Orb,Flash Cannon,Power Gem,Earth Power,Thunderbolt,SpA/SpD,135,67,165,139,202,60,Probopass,0
265,Pupitar-2,Adamant,Soft Sand,Earthquake,Rock Slide,Crunch,Scary Face,HP/Atk,177,149,90,76,90,71,Pupitar,0
310,Purugly-2,Adamant,Liechi Berry,Body Slam,Shadow Claw,Attract,Fake Out,Atk/Spe,146,147,84,75,79,164,Purugly,255
366,Quagsire-1,Adamant,Rindo Berry,Earthquake,Aqua Tail,Brick Break,Counter,HP/Atk,202,150,105,76,85,55,Quagsire,0
502,Quagsire-2,Careful,Leftovers,Dive,Yawn,Curse,Amnesia,HP/Def/SpD,191,94,126,93,106,55,Quagsire,0
638,Quagsire-3,Modest,Quick Claw,Surf,Earth Power,Focus Blast,Sludge Bomb,HP/SpA,202,94,105,128,85,55,Quagsire,0
774,Quagsire-4,Adamant,Muscle Band,Earthquake,Waterfall,Stone Edge,Ice Punch,HP/Atk,202,150,105,76,85,55,Quagsire,0
255,Quilava-2,Serious,Focus Band,Flamethrower,Crush Claw,Quick Attack,SmokeScreen,Atk/SpA,133,116,78,132,85,78,Quilava,0
287,Qwilfish-2,Adamant,Focus Band,Aqua Tail,Poison Jab,Revenge,Destiny Bond,Atk/Def,140,161,127,67,75,105,Qwilfish,0
378,Raichu-1,Adamant,Wide Lens,ThunderPunch,Iron Tail,Slam,Quick Attack,Atk/Spe,135,156,75,99,100,152,Raichu,255
514,Raichu-2,Jolly,Focus Band,ThunderPunch,Focus Punch,Sweet Kiss,Thunder Wave,Atk/Spe,135,142,75,99,100,167,Raichu,255
650,Raichu-3,Timid,Petaya Berry,Thunderbolt,Focus Blast,Signal Beam,Nasty Plot,SpA/Spe,135,99,75,142,100,167,Raichu,255
786,Raichu-4,Adamant,BrightPowder,Volt Tackle,Return,Brick Break,Thunder Wave,Atk/Spe,135,156,75,99,100,152,Raichu,255
898,Raikou-1,Timid,Lum Berry,Thunderbolt,Shadow Ball,Thunder Wave,Light Screen,SpA/Spe,165,94,95,167,120,183,Raikou,255
912,Raikou-2,Jolly,King's Rock,Thunder Fang,Crunch,Iron Head,Return,Atk/Spe,165,137,95,121,120,183,Raikou,255
926,Raikou-3,Modest,Wise Glasses,Thunder,Extrasensory,Signal Beam,Rain Dance,SpA/Spe,165,94,95,183,120,167,Raikou,255
940,Raikou-4,Modest,Shuca Berry,Thunderbolt,Extrasensory,Shadow Ball,Calm Mind,SpA/Spe,165,94,95,183,120,167,Raikou,255
430,Rampardos-1,Adamant,Toxic Orb,Rock Slide,Facade,Crunch,Screech,HP/Atk,204,238,80,76,70,78,Rampardos,0
566,Rampardos-2,Brave,Iron Ball,Stone Edge,Payback,Avalanche,Fling,HP/Atk,204,238,80,85,70,70,Rampardos,0
702,Rampardos-3,Adamant,Life Orb,Head Smash,Zen Headbutt,Fire Punch,ThunderPunch,HP/Atk,204,238,80,76,70,78,Rampardos,0
838,Rampardos-4,Jolly,Choice Scarf,Head Smash,Earthquake,Giga Impact,Superpower,Atk/Spe,172,217,80,76,70,121,Rampardos,255
417,Rapidash-1,Modest,Chesto Berry,Fire Blast,SolarBeam,Sunny Day,Rest,SpA/Spe,140,108,90,145,100,157,Rapidash,255
553,Rapidash-2,Modest,White Herb,Overheat,SolarBeam,Swift,Sunny Day,SpA/Spe,140,108,90,145,100,157,Rapidash,255
689,Rapidash-3,Adamant,BrightPowder,Flare Blitz,Poison Jab,Iron Tail,Horn Drill,Atk/Spe,140,167,90,90,100,157,Rapidash,255
825,Rapidash-4,Jolly,Chesto Berry,Flare Blitz,Megahorn,Double-Edge,Hypnosis,Atk/Spe,140,152,90,90,100,172,Rapidash,255
270,Raticate-2,Bashful,Chople Berry,Super Fang,Hyper Fang,Shadow Ball,Scary Face,Atk/SpA/Spe,130,122,80,91,90,138,Raticate,170
902,Regice-1,Modest,Lum Berry,Ice Beam,Signal Beam,Charge Beam,Amnesia,SpA/SpD,155,63,120,167,252,70,Regice,0
916,Regice-2,Impish,Leftovers,Avalanche,Hammer Arm,Double Team,Curse,HP/Def,187,70,167,108,220,70,Regice,0
930,Regice-3,Bold,Chesto Berry,Ice Beam,Flash Cannon,AncientPower,Rest,Def/SpA,155,63,167,152,220,70,Regice,0
944,Regice-4,Modest,Shell Bell,Ice Beam,Thunderbolt,Hyper Beam,Focus Blast,HP/SpA,187,63,120,167,220,70,Regice,0
908,Regigigas-1,Impish,Lax Incense,Return,Aerial Ace,Thunder Wave,Confuse Ray,HP/Def/SpD,206,90,166,90,151,60,Regigigas,0
922,Regigigas-2,Careful,Leftovers,Facade,Zen Headbutt,Double Team,Substitute,HP/Def/SpD,206,90,151,90,166,60,Regigigas,0
936,Regigigas-3,Modest,Wise Glasses,Earth Power,Focus Blast,Thunderbolt,AncientPower,HP/SpA,217,81,130,145,130,60,Regigigas,0
950,Regigigas-4,Adamant,BrightPowder,Crush Grip,Earthquake,Stone Edge,Drain Punch,HP/Atk,217,116,130,90,130,60,Regigigas,0
901,Regirock-1,Impish,Leftovers,Rock Slide,Earthquake,Brick Break,Sandstorm,Atk/Def,155,152,277,63,120,70,Regirock,0
915,Regirock-2,Adamant,Razor Fang,Fire Punch,ThunderPunch,Ice Punch,Drain Punch,HP/Atk,187,167,220,63,120,70,Regirock,0
929,Regirock-3,Careful,Chesto Berry,Stone Edge,Hammer Arm,Rest,Curse,HP/SpD,187,120,220,63,167,70,Regirock,0
943,Regirock-4,Careful,Quick Claw,Stone Edge,Earthquake,Hammer Arm,Explosion,Atk/SpD,155,152,220,63,167,70,Regirock,0
903,Registeel-1,Modest,Lum Berry,Flash Cannon,Thunderbolt,Thunder Wave,Amnesia,HP/SpA,187,85,170,139,170,70,Registeel,0
917,Registeel-2,Adamant,Leftovers,Iron Head,Toxic,Double Team,Iron Defense,HP/Def/SpD,176,104,191,85,191,70,Registeel,0
931,Registeel-3,Adamant,Razor Fang,Shadow Claw,Aerial Ace,ThunderPunch,Ice Punch,HP/Atk,187,139,170,85,170,70,Registeel,0
945,Registeel-4,Adamant,Shell Bell,Iron Head,Hammer Arm,Earthquake,Curse,HP/Def/SpD,176,104,191,85,191,70,Registeel,0
344,Relicanth-2,Impish,Chesto Berry,Aqua Tail,Rock Slide,Rest,Yawn,Atk/Def,175,142,200,58,85,75,Relicanth,0
396,Rhydon-1,Adamant,Passho Berry,Earthquake,Rock Slide,Crunch,Scary Face,Atk/Def,180,200,172,58,65,60,Rhydon,0
532,Rhydon-2,Adamant,Focus Sash,Earthquake,Fire Punch,ThunderPunch,Ice Punch,Atk/Def,180,200,172,58,65,60,Rhydon,0
668,Rhydon-3,Brave,Persim Berry,Outrage,Hammer Arm,Shadow Claw,Avalanche,HP/Atk,212,200,140,65,65,54,Rhydon,0
804,Rhydon-4,Adamant,Quick Claw,Earthquake,Stone Edge,Megahorn,Horn Drill,HP/Atk,212,200,140,58,65,60,Rhydon,0
469,Rhyperior-1,Adamant,Focus Band,Rock Wrecker,Earthquake,Crunch,Roar,Atk/Def,190,211,182,67,75,60,Rhyperior,0
605,Rhyperior-2,Adamant,Expert Belt,Fire Punch,ThunderPunch,Ice Punch,Aqua Tail,Atk/Def,190,211,182,67,75,60,Rhyperior,0
741,Rhyperior-3,Impish,Focus Sash,Horn Drill,Avalanche,Payback,Counter,HP/Def,222,160,200,67,75,60,Rhyperior,0
877,Rhyperior-4,Adamant,Choice Band,Rock Wrecker,Earthquake,Hammer Arm,Megahorn,HP/Atk,222,211,150,57,75,60,Rhyperior,0
437,Roserade-1,Calm,Coba Berry,Sludge Bomb,Magical Leaf,Stun Spore,Mud-Slap,SpA/SpD,135,81,75,177,172,110,Roserade,0
573,Roserade-2,Calm,Big Root,Giga Drain,Leech Seed,Ingrain,Synthesis,SpA/SpD,135,81,75,177,172,110,Roserade,0
709,Roserade-3,Modest,White Herb,Leaf Storm,Sludge Bomb,Hyper Beam,GrassWhistle,SpA/Spe,135,81,75,194,125,142,Roserade,255
845,Roserade-4,Modest,White Herb,Leaf Storm,Sludge Bomb,Shadow Ball,Weather Ball,SpA/Spe,135,81,75,194,125,142,Roserade,255
301,Rotom-2,Modest,Magnet,Discharge,Ominous Wind,Thunder Wave,Double Team,SpA/Spe,125,63,97,161,97,143,Rotom,255
483,Salamence-1,Adamant,Cheri Berry,Dragon Claw,Aerial Ace,Aqua Tail,Scary Face,Atk/Spe,170,205,100,117,100,152,Salamence,255
619,Salamence-2,Jolly,Razor Claw,Dragon Claw,Fire Fang,Thunder Fang,Dragon Dance,Atk/Spe,170,187,100,117,100,167,Salamence,255
755,Salamence-3,Modest,Wise Glasses,Draco Meteor,Hydro Pump,Flamethrower,Ominous Wind,SpA/Spe,170,139,100,178,100,152,Salamence,255
891,Salamence-4,Adamant,Lum Berry,Outrage,Crunch,Earthquake,Zen Headbutt,Atk/Spe,170,205,100,117,100,152,Salamence,255
304,Sandslash-2,Adamant,Quick Claw,Earthquake,Rock Slide,Crush Claw,Sandstorm,Atk/Def,150,167,162,58,75,85,Sandslash,0
357,Sceptile-1,Jolly,Liechi Berry,Leaf Blade,Crunch,Quick Attack,Screech,Atk/Spe,145,137,85,112,105,189,Sceptile,255
493,Sceptile-2,Timid,Leftovers,Giga Drain,Leech Seed,Toxic,Double Team,SpA/Spe,145,94,85,157,105,189,Sceptile,255
629,Sceptile-3,Adamant,Scope Lens,Leaf Blade,X-Scissor,Night Slash,Aerial Ace,Atk/Spe,145,150,85,112,105,172,Sceptile,255
765,Sceptile-4,Timid,Occa Berry,Leaf Storm,Dragon Pulse,Focus Blast,Hyper Beam,SpA/Spe,145,94,85,157,105,189,Sceptile,255
423,Scizor-1,Impish,BrightPowder,X-Scissor,Bullet Punch,Swords Dance,Baton Pass,Atk/Def,145,182,167,67,100,85,Scizor,0
559,Scizor-2,Careful,Sitrus Berry,Metal Claw,Night Slash,Iron Defense,Roost,Atk/SpD,145,182,120,67,145,85,Scizor,0
695,Scizor-3,Jolly,Salac Berry,X-Scissor,Quick Attack,Reversal,Endure,Atk/Spe,145,182,120,67,100,128,Scizor,255
831,Scizor-4,Adamant,Occa Berry,X-Scissor,Iron Head,Aerial Ace,Night Slash,Atk/Def,145,200,152,67,100,85,Scizor,0
349,Scyther-2,Adamant,BrightPowder,X-Scissor,Aerial Ace,Night Slash,Swords Dance,Atk/Spe,145,178,100,67,100,157,Scyther,255
296,Seadra-2,Modest,Shell Bell,Surf,Ice Beam,Twister,SmokeScreen,Def/SpA,130,76,147,126,65,137,Seadra,0
307,Seaking-2,Adamant,Quick Claw,Aqua Tail,Poison Jab,Facade,Aqua Ring,HP/Atk,187,158,85,76,100,88,Seaking,0
266,Sealeo-2,Quiet,Chesto Berry,Ice Beam,Surf,Signal Beam,Hail,HP/SpA,197,80,90,139,90,58,Sealeo,0
322,Seviper-2,Adamant,Black Sludge,Sludge Bomb,Crunch,Aqua Tail,Swagger,HP/Atk,180,167,80,108,80,85,Seviper,0
324,Sharpedo-2,Adamant,Wacan Berry,Crunch,Waterfall,Ice Fang,Swagger,Atk/Spe,145,189,60,103,60,147,Sharpedo,255
279,Shelgon-2,Adamant,Focus Band,Dragon Claw,Crunch,Dragon Dance,Scary Face,Atk/Def,140,161,152,72,70,70,Shelgon,0
388,Shiftry-1,Jolly,Persim Berry,Seed Bomb,Faint Attack,X-Scissor,Fake Out,Atk/Spe,165,152,80,99,80,145,Shiftry,255
524,Shiftry-2,Calm,Leftovers,Giga Drain,Leech Seed,Double Team,Synthesis,HP/Def/SpD,186,108,101,110,111,100,Shiftry,0
660,Shiftry-3,Modest,White Herb,Leaf Storm,Dark Pulse,Focus Blast,Shadow Ball,HP/SpA,197,108,80,156,80,100,Shiftry,0
796,Shiftry-4,Adamant,Cheri Berry,Seed Bomb,Sucker Punch,Aerial Ace,Explosion,HP/Atk,197,167,80,99,80,100,Shiftry,0
436,Shuckle-1,Impish,Lax Incense,Stone Edge,Bug Bite,Swagger,Power Trick,HP/Def/SpD,116,30,298,27,271,25,Shuckle,0
572,Shuckle-2,Careful,Grip Claw,Wrap,Swagger,Attract,Toxic,HP/Def/SpD,116,30,271,27,298,25,Shuckle,0
708,Shuckle-3,Impish,Lax Incense,Gyro Ball,Substitute,Double Team,Power Trick,HP/Def/SpD,116,30,298,27,271,25,Shuckle,0
844,Shuckle-4,Calm,Leftovers,Toxic,Substitute,Double Team,Sandstorm,HP/Def/SpD,116,27,271,30,298,25,Shuckle,0
373,Skarmory-1,Impish,Occa Berry,Drill Peck,Steel Wing,Spikes,Roar,Atk/Def,140,132,211,54,90,90,Skarmory,0
509,Skarmory-2,Careful,Leftovers,Fly,Toxic,Double Team,Roost,HP/Def/SpD,161,100,181,54,122,90,Skarmory,0
645,Skarmory-3,Impish,Razor Fang,Drill Peck,Slash,Payback,Night Slash,Atk/Def,140,132,211,54,90,90,Skarmory,0
781,Skarmory-4,Adamant,Life Orb,Brave Bird,Steel Wing,X-Scissor,Rock Slide,Atk/Def,140,145,192,54,90,90,Skarmory,0
383,Skuntank-1,Adamant,Razor Fang,Sucker Punch,Poison Jab,Slash,Screech,HP/Atk,210,159,87,81,81,104,Skuntank,0
519,Skuntank-2,Jolly,Chesto Berry,Crunch,Toxic,Swagger,Double Team,HP/Spe,210,113,87,81,81,149,Skuntank,255
655,Skuntank-3,Timid,Shuca Berry,Sludge Bomb,Dark Pulse,Flamethrower,Shadow Ball,SpA/Spe,178,101,87,123,81,149,Skuntank,255
791,Skuntank-4,Jolly,Muscle Band,Poison Jab,Night Slash,Crunch,Explosion,Atk/Spe,178,145,87,81,81,149,Skuntank,255
486,Slaking-1,Impish,Lax Incense,Facade,Shadow Claw,Slack Off,Yawn,HP/Def,257,180,167,103,85,120,Slaking,0
622,Slaking-2,Adamant,Lum Berry,Crush Claw,Fire Punch,ThunderPunch,Ice Punch,Atk/Def,225,233,152,103,85,120,Slaking,0
758,Slaking-3,Jolly,Life Orb,Return,Night Slash,Gunk Shot,Aerial Ace,Atk/Spe,225,212,120,103,85,167,Slaking,255
894,Slaking-4,Adamant,Muscle Band,Giga Impact,Earthquake,Hammer Arm,Shadow Claw,HP/Atk,257,233,120,103,85,120,Slaking,0
397,Slowbro-1,Bold,Chesto Berry,Psychic,Surf,Calm Mind,Yawn,Def/SpA,170,85,178,152,100,50,Slowbro,0
533,Slowbro-2,Adamant,Expert Belt,Zen Headbutt,Aqua Tail,Earthquake,Avalanche,HP/Atk,202,139,130,108,100,50,Slowbro,0
669,Slowbro-3,Modest,Choice Specs,Psychic,Flamethrower,Shadow Ball,Signal Beam,HP/SpA,202,85,130,167,100,50,Slowbro,0
805,Slowbro-4,Quiet,Leftovers,Psychic,Surf,Ice Beam,Trick Room,HP/SpA,202,95,130,167,100,45,Slowbro,0
402,Slowking-1,Quiet,Shell Bell,Psychic,Brine,Yawn,Trick Room,HP/Def/SpD,191,95,121,132,151,45,Slowking,0
538,Slowking-2,Adamant,Quick Claw,Zen Headbutt,Aqua Tail,Earthquake,Curse,HP/Atk,202,139,100,108,130,50,Slowking,0
674,Slowking-3,Modest,Lum Berry,Psychic,Shadow Ball,Signal Beam,Focus Blast,SpA/SpD,170,85,100,167,162,50,Slowking,0
810,Slowking-4,Modest,Wise Glasses,Psychic,Surf,Ice Beam,Flamethrower,HP/SpA,202,85,100,167,130,50,Slowking,0
288,Sneasel-2,Jolly,King's Rock,Ice Punch,Faint Attack,Crush Claw,Spite,Atk/Spe,130,147,75,49,95,183,Sneasel,255
473,Snorlax-1,Adamant,Leftovers,Return,Rock Slide,Curse,Yawn,HP/Atk,267,178,85,76,130,50,Snorlax,0
609,Snorlax-2,Adamant,Chesto Berry,Fire Punch,ThunderPunch,Ice Punch,Rest,Atk/SpD,235,178,85,76,162,50,Snorlax,0
745,Snorlax-3,Adamant,White Herb,Outrage,Superpower,Gunk Shot,Seed Bomb,Atk/SpD,235,178,85,76,162,50,Snorlax,0
881,Snorlax-4,Adamant,Life Orb,Double-Edge,Earthquake,Zen Headbutt,Crunch,HP/Atk,267,178,85,76,130,50,Snorlax,0
299,Solrock-2,Adamant,Passho Berry,Zen Headbutt,Rock Slide,Will-O-Wisp,Cosmic Power,Atk/Def,145,161,137,67,85,90,Solrock,0
330,Stantler-2,Adamant,Chople Berry,Frustration,Zen Headbutt,Thunder Wave,Confuse Ray,Atk/Spe,148,161,82,94,85,137,Stantler,255
381,Staraptor-1,Jolly,King's Rock,Return,Aerial Ace,Double Team,Roost,Atk/Spe,160,172,90,63,70,167,Staraptor,255
517,Staraptor-2,Jolly,King's Rock,Endeavor,Aerial Ace,Endure,Quick Attack,Atk/Spe,160,172,90,63,70,167,Staraptor,255
653,Staraptor-3,Aamant,Muscle Band,Brave Bird,Return,Steel Wing,Pursuit,Atk/Spe,160,189,90,63,70,152,Staraptor,255
789,Staraptor-4,Adamant,Choice Band,Brave Bird,Giga Impact,Close Combat,U-turn,Atk/Spe,160,189,90,63,70,152,Staraptor,255
450,Starmie-1,Timid,Lum Berry,Surf,Psychic,Confuse Ray,Thunder Wave,SpA/Spe,135,85,105,152,105,183,Starmie,255
586,Starmie-2,Timid,Wide Lens,Hydro Pump,Blizzard,Thunder,Recover,SpA/Spe,135,85,105,152,105,183,Starmie,255
722,Starmie-3,Modest,Wise Glasses,Surf,Psychic,Power Gem,Signal Beam,SpA/Spe,135,85,105,167,105,167,Starmie,255
858,Starmie-4,Modest,Expert Belt,Surf,Psychic,Thunderbolt,Ice Beam,SpA/Spe,135,85,105,167,105,167,Starmie,255
439,Steelix-1,Impish,Passho Berry,Earthquake,Iron Head,Crunch,Sandstorm,Atk/Def,150,137,277,67,85,50,Steelix,0
575,Steelix-2,Adamant,Shuca Berry,Earthquake,Fire Fang,Thunder Fang,Ice Fang,Atk/Def,150,150,252,67,85,50,Steelix,0
711,Steelix-3,Relaxed,Iron Ball,Gyro Ball,Payback,Swagger,Curse,Atk/Def,150,137,277,75,85,45,Steelix,0
847,Steelix-4,Brave,Quick Claw,Gyro Ball,Earthquake,Stone Edge,Explosion,Atk/Def,150,150,252,75,85,45,Steelix,0
263,Sudowoodo-2,Adamant,Life Orb,Stone Edge,Earthquake,Mimic,Selfdestruct,Atk/Def,145,167,167,50,85,45,Sudowoodo,0
900,Suicune-1,Calm,Focus Sash,Surf,Icy Wind,Ominous Wind,Mirror Coat,SpA/SpD,175,85,135,142,183,105,Suicune,0
914,Suicune-2,Jolly,King's Rock,Waterfall,Ice Fang,Iron Head,Bite,Atk/Spe,175,127,135,99,135,150,Suicune,255
928,Suicune-3,Bold,Lum Berry,Hydro Pump,Blizzard,Shadow Ball,Hail,Def/SpA,175,85,183,142,135,105,Suicune,0
942,Suicune-4,Modest,Wacan Berry,Surf,Ice Beam,Extrasensory,Calm Mind,HP/SpA,207,85,135,156,135,105,Suicune,0
284,Sunflora-2,Modest,Sitrus Berry,Giga Drain,Sludge Bomb,GrassWhistle,Double Team,HP/SpA,182,85,75,172,105,50,Sunflora,0
331,Swalot-2,Modest,Black Sludge,Sludge Bomb,Shadow Ball,Giga Drain,Yawn,HP/SpA,207,83,103,137,103,75,Swalot,0
359,Swampert-1,Adamant,Shell Bell,Waterfall,Earthquake,Ice Punch,Protect,HP/Atk,207,178,110,94,110,80,Swampert,0
495,Swampert-2,Adamant,Lum Berry,Aqua Tail,Earthquake,Hammer Arm,Curse,HP/Atk,207,178,110,94,110,80,Swampert,0
631,Swampert-3,Modest,Expert Belt,Muddy Water,Earth Power,Ice Beam,Counter,HP/SpA,207,117,110,150,110,80,Swampert,0
767,Swampert-4,Adamant,Rindo Berry,Earthquake,Aqua Tail,Avalanche,Mirror Coat,HP/Atk,207,178,110,94,110,80,Swampert,0
289,Swellow-2,Adamant,Toxic Orb,Facade,Aerial Ace,Growl,U-turn,Atk/Spe,135,150,80,63,70,177,Swellow,255
292,Tangela-2,Bold,Pecha Berry,Giga Drain,Sludge Bomb,Wring Out,Ingrain,Def/SpA,140,67,183,152,60,80,Tangela,0
470,Tangrowth-1,Modest,Coba Berry,Energy Ball,Sludge Bomb,Focus Blast,Sleep Powder,Def/SpA,175,108,177,178,70,70,Tangrowth,0
606,Tangrowth-2,Bold,Big Root,Giga Drain,Leech Seed,Toxic,Double Team,HP/Def/SpA,196,108,182,130,91,70,Tangrowth,0
742,Tangrowth-3,Modest,Heat Rock,SolarBeam,Wring Out,Synthesis,Sunny Day,Def/SpA,175,108,177,178,70,70,Tangrowth,0
878,Tangrowth-4,Adamant,Lax Incense,Power Whip,Earthquake,Aerial Ace,Brick Break,Atk/Def,175,167,177,117,70,70,Tangrowth,0
400,Tauros-1,Jolly,Persim Berry,Thrash,Zen Headbutt,Pursuit,Scary Face,Atk/Spe,150,152,115,54,90,178,Tauros,255
536,Tauros-2,Adamant,Life Orb,Facade,Earthquake,Rock Slide,Payback,Atk/Spe,150,167,115,54,90,162,Tauros,255
672,Tauros-3,Jolly,Lum Berry,Giga Impact,Earthquake,Outrage,Iron Tail,Atk/Spe,150,152,115,54,90,178,Tauros,255
808,Tauros-4,Adamant,Choice Band,Return,Earthquake,Stone Edge,Zen Headbutt,Atk/Spe,150,167,115,54,90,162,Tauros,255
442,Tentacruel-1,Timid,Wacan Berry,Surf,Sludge Bomb,Icy Wind,Barrier,SpA/Spe,155,81,85,132,140,167,Tentacruel,255
578,Tentacruel-2,Calm,Black Sludge,Toxic,Giga Drain,Attract,Confuse Ray,HP/SpD,187,81,85,100,189,120,Tentacruel,0
714,Tentacruel-3,Modest,Focus Sash,Surf,Sludge Bomb,Giga Drain,Mirror Coat,SpA/SpD,155,81,85,145,172,120,Tentacruel,0
850,Tentacruel-4,Timid,Scope Lens,Hydro Pump,Sludge Bomb,Ice Beam,Wring Out,SpA/Spe,155,81,85,132,140,167,Tentacruel,255
479,Togekiss-1,Adamant,Power Herb,Sky Attack,ExtremeSpeed,Drain Punch,Roost,Atk/SpD,160,168,115,126,167,100,Togekiss,0
615,Togekiss-2,Modest,Scope Lens,Air Slash,Ominous Wind,Silver Wind,AncientPower,HP/SpA,192,94,115,189,135,100,Togekiss,0
751,Togekiss-3,Modest,Wise Glasses,Air Slash,Heat Wave,Signal Beam,Magical Leaf,SpA/Spe,160,94,115,189,135,132,Togekiss,255
887,Togekiss-4,Modest,Expert Belt,Hyper Beam,Air Slash,Aura Sphere,Psychic,SpA/Spe,160,94,115,189,135,132,Togekiss,255
335,Torkoal-2,Bold,Quick Claw,Heat Wave,SolarBeam,Earth Power,Sunny Day,Def/SpA,145,94,211,137,90,40,Torkoal,0
360,Torterra-1,Adamant,Yache Berry,Earthquake,Grass Knot,Rock Slide,Curse,HP/Atk,202,177,125,85,105,76,Torterra,0
496,Torterra-2,Sassy,Leftovers,Giga Drain,Leech Seed,Synthesis,Amnesia,HP/Def/SpD,191,129,146,95,138,68,Torterra,0
632,Torterra-3,Modest,Lax Incense,Frenzy Plant,Earth Power,Hyper Beam,Leech Seed,Def/SpA,170,116,157,139,105,76,Torterra,0
768,Torterra-4,Adamant,Quick Claw,Wood Hammer,Earthquake,Stone Edge,Crunch,HP/Atk,202,177,125,85,105,76,Torterra,0
405,Toxicroak-1,Adamant,Black Sludge,Poison Jab,Brick Break,X-Scissor,Knock Off,Atk/Spe,158,173,85,95,85,137,Toxicroak,255
541,Toxicroak-2,Adamant,Wide Lens,DynamicPunch,Poison Jab,ThunderPunch,Ice Punch,Atk/Spe,158,173,85,95,85,137,Toxicroak,255
677,Toxicroak-3,Modest,Wise Glasses,Sludge Bomb,Focus Blast,Shadow Ball,Dark Pulse,SpA/Spe,158,113,85,151,85,137,Toxicroak,255
813,Toxicroak-4,Adamant,Razor Fang,Gunk Shot,Cross Chop,Earthquake,Stone Edge,Atk/Spe,158,173,85,95,85,137,Toxicroak,255
326,Tropius-2,Modest,Occa Berry,Giga Drain,Air Slash,Synthesis,Sunny Day,HP/SpA,206,79,103,136,107,71,Tropius,0
355,Typhlosion-1,Adamant,Scope Lens,Fire Punch,ThunderPunch,Shadow Claw,Quick Attack,Atk/Spe,153,149,98,116,105,152,Typhlosion,255
491,Typhlosion-2,Serious,Salac Berry,Blast Burn,Earthquake,Reversal,Endure,Atk/SpA,153,136,98,161,105,120,Typhlosion,0
627,Typhlosion-3,Adamant,Shuca Berry,Flare Blitz,Earthquake,Shadow Claw,Aerial Ace,Atk/Spe,153,149,98,116,105,152,Typhlosion,255
763,Typhlosion-4,Modest,White Herb,Overheat,SolarBeam,Focus Blast,Sunny Day,SpA/Spe,153,93,98,177,105,152,Typhlosion,255
482,Tyranitar-1,Brave,Focus Band,Rock Slide,Payback,Avalanche,Curse,Atk/SpD,175,204,130,115,152 (228),72,Tyranitar,0
618,Tyranitar-2,Jolly,Choice Scarf,Fire Punch,ThunderPunch,Ice Punch,Aerial Ace,Atk/Spe,175,186,130,103,120 (180),124,Tyranitar,255
754,Tyranitar-3,Adamant,White Herb,Superpower,Dragon Claw,Shadow Claw,Aqua Tail,Atk/Def,175,204,162,103,120 (180),81,Tyranitar,0
890,Tyranitar-4,Adamant,Chople Berry,Stone Edge,Crunch,Earthquake,Dragon Dance,HP/Atk,207,204,130,103,120 (180),81,Tyranitar,0
456,Umbreon-1,Careful,Leftovers,Payback,Confuse Ray,Curse,Baton Pass,Def/SpD,170,85,162,72,200,85,Umbreon,0
592,Umbreon-2,Impish,Leftovers,Toxic,Mean Look,Double Team,Confuse Ray,Def/SpD,170,85,178,72,182,85,Umbreon,0
728,Umbreon-3,Impish,Lax Incense,Faint Attack,Swagger,Psych Up,Screech,HP/Def,202,85,178,72,150,85,Umbreon,0
864,Umbreon-4,Impish,BrightPowder,Payback,Trump Card,Curse,Moonlight,Def/SpD,170,85,178,72,182,85,Umbreon,0
425,Ursaring-1,Brave,Focus Sash,Slash,Payback,Avalanche,Counter,HP/Atk,197,200,95,95,95,67,Ursaring,0
561,Ursaring-2,Adamant,Life Orb,Hammer Arm,Fire Punch,ThunderPunch,Ice Punch,HP/Atk,197,200,95,85,95,75,Ursaring,0
697,Ursaring-3,Adamant,Toxic Orb,Facade,Superpower,Crunch,Protect,HP/Atk,197,200,95,85,95,75,Ursaring,0
833,Ursaring-4,Adamant,Quick Claw,Return,Cross Chop,Earthquake,Aerial Ace,HP/Atk,197,200,95,85,95,75,Ursaring,0
452,Vaporeon-1,Modest,BrightPowder,Surf,Ice Beam,Acid Armor,Baton Pass,HP/SpA,237,76,80,178,115,85,Vaporeon,0
588,Vaporeon-2,Modest,Damp Rock,Hydro Pump,Ice Beam,Acid Armor,Rain Dance,HP/SpA,237,76,80,178,115,85,Vaporeon,0
724,Vaporeon-3,Modest,Leftovers,Muddy Water,Blizzard,Aqua Ring,Yawn,HP/SpA,237,76,80,178,115,85,Vaporeon,0
860,Vaporeon-4,Modest,Expert Belt,Surf,Ice Beam,Shadow Ball,Signal Beam,HP/SpA,237,76,80,178,115,85,Vaporeon,0
305,Venomoth-2,Modest,SilverPowder,Bug Buzz,Sludge Bomb,Psychic,Supersonic,SpA/Spe,145,76,80,156,95,142,Venomoth,255
351,Venusaur-1,Modest,White Herb,Leaf Storm,Sludge Bomb,Amnesia,Sleep Powder,SpA/SpD,155,91,103,167,152,100,Venusaur,0
487,Venusaur-2,Bold,Big Root,Giga Drain,Ingrain,Leech Seed,Sleep Powder,HP/Def/SpD,176,91,136,120,141,100,Venusaur,0
623,Venusaur-3,Adamant,Black Sludge,Seed Bomb,Earthquake,Outrage,Curse,Atk/SpD,155,147,103,108,152,100,Venusaur,0
759,Venusaur-4,Modest,Wise Glasses,Frenzy Plant,Sludge Bomb,Hyper Beam,Synthesis,HP/SpA,187,91,103,167,120,100,Venusaur,0
377,Vespiquen-1,Modest,Scope Lens,Silver Wind,Air Cutter,Ominous Wind,Swagger,Def/SpD,145,90,154,110,154,60,Vespiquen,0
513,Vespiquen-2,Careful,Persim Berry,X-Scissor,Toxic,Heal Order,Destiny Bond,HP/Def/SpD,166,100,143,90,157,60,Vespiquen,0
649,Vespiquen-3,Adamant,Muscle Band,X-Scissor,Aerial Ace,Pursuit,U-turn,HP/Atk,177,145,122,90,122,60,Vespiquen,0
785,Vespiquen-4,Adamant,Shell Bell,Attack Order,Defend Order,Heal Order,Confuse Ray,HP/Atk,177,145,122,90,122,60,Vespiquen,0
385,Victreebel-1,Modest,Payapa Berry,Leaf Storm,Sludge Bomb,Sleep Powder,Gastro Acid,HP/SpA,187,112,85,167,80,90,Victreebel,0
521,Victreebel-2,Adamant,Black Sludge,Seed Bomb,Spit Up,Swallow,Stockpile,HP/Atk,187,172,85,108,80,90,Victreebel,0
657,Victreebel-3,Modest,Power Herb,Sludge Bomb,SolarBeam,Hyper Beam,Synthesis,HP/SpA,187,112,85,167,80,90,Victreebel,0
793,Victreebel-4,Modest,Focus Band,SolarBeam,Sludge Bomb,Wring Out,Sunny Day,HP/SpA,187,112,85,167,80,90,Victreebel,0
297,Vigoroth-2,Adamant,Salac Berry,Crush Claw,Shadow Claw,Reversal,Endure,Atk/Spe,155,145,100,67,75,142,Vigoroth,255
384,Vileplume-1,Modest,Big Root,Giga Drain,Sludge Bomb,Sleep Powder,Ingrain,Def/SpA,150,90,137,167,110,70,Vileplume,0
520,Vileplume-2,Bold,Black Sludge,Toxic,Grass Knot,Double Team,Attract,HP/Def/SpD,171,90,138,120,131,70,Vileplume,0
656,Vileplume-3,Adamant,Lum Berry,Seed Bomb,Drain Punch,Frustration,Swords Dance,Atk/SpD,150,145,105,108,142,70,Vileplume,0
792,Vileplume-4,Modest,Wise Glasses,Sludge Bomb,Energy Ball,Hyper Beam,Synthesis,HP/SpA,182,90,105,167,110,70,Vileplume,0
428,Wailord-1,Modest,Sitrus Berry,Surf,Ice Beam,Attract,Double Team,HP/SpA,277,99,65,156,65,80,Wailord,0
564,Wailord-2,Impish,Chesto Berry,Whirlpool,Toxic,Amnesia,Rest,HP/Def/SpD,266,110,94,99,86,80,Wailord,0
700,Wailord-3,Adamant,Leftovers,Waterfall,Avalanche,Earthquake,Curse,HP/Atk,277,156,65,99,65,80,Wailord,0
836,Wailord-4,Modest,Quick Claw,Hydro Pump,Blizzard,Hyper Beam,Fissure,HP/SpA,277,99,65,156,65,80,Wailord,0
464,Walrein-1,Adamant,Chople Berry,Ice Fang,Aqua Tail,Swagger,Encore,HP/Atk,217,145,110,103,110,85,Walrein,0
600,Walrein-2,Brave,Life Orb,Avalanche,Earthquake,Crunch,Curse,HP/Atk,217,145,110,115,110,76,Walrein,0
736,Walrein-3,Bold,Lax Incense,Sheer Cold,Fissure,Rest,Sleep Talk,Def/SpD,185,90,156,115,142,85,Walrein,0
872,Walrein-4,Modest,Leftovers,Surf,Ice Beam,Signal Beam,Hail,HP/SpA,217,90,110,161,110,85,Walrein,0
253,Wartortle-2,Serious,Shell Bell,Surf,Ice Beam,Brick Break,Fake Out,HP/SpA,166,83,100,117,100,78,Wartortle,0
440,Weavile-1,Adamant,Chople Berry,Night Slash,Ice Punch,Screech,Fake Out,Atk/Spe,145,189,85,58,105,177,Weavile,255
576,Weavile-2,Jolly,BrightPowder,Night Slash,Attract,Double Team,Hail,Atk/Spe,145,172,85,58,105,194,Weavile,255
712,Weavile-3,Adamant,Focus Sash,Night Slash,X-Scissor,Metal Claw,Counter,Atk/Spe,145,189,85,58,105,177,Weavile,255
848,Weavile-4,Jolly,Razor Fang,Night Slash,Ice Punch,Aerial Ace,Brick Break,Atk/Spe,145,172,85,58,105,194,Weavile,255
398,Weezing-1,Bold,Payapa Berry,Sludge Bomb,Dark Pulse,Shock Wave,Grudge,Def/SpA,140,99,189,137,90,80,Weezing,0
534,Weezing-2,Adamant,Sitrus Berry,Double Hit,Payback,Toxic,Swagger,Atk/Def,140,156,172,94,90,80,Weezing,0
670,Weezing-3,Sassy,Lax Incense,Sludge Bomb,Thunderbolt,Dark Pulse,Explosion,SpA/SpD,140,110,140,137,134,72,Weezing,0
806,Weezing-4,Modest,Quick Claw,Sludge Bomb,Flamethrower,Shadow Ball,Destiny Bond,Def/SpA,140,99,172,150,90,80,Weezing,0
375,Whiscash-1,Modest,Shell Bell,Surf,Earth Power,Icy Wind,Amnesia,HP/SpA,217,88,93,140,91,80,Whiscash,0
511,Whiscash-2,Adamant,Persim Berry,Aqua Tail,Earthquake,Rock Slide,Thrash,HP/Atk,217,143,93,86,91,80,Whiscash,0
647,Whiscash-3,Modest,Zoom Lens,Hydro Pump,Earth Power,Blizzard,Fissure,HP/SpA,217,88,93,140,91,80,Whiscash,0
783,Whiscash-4,Adamant,Muscle Band,Earthquake,Aqua Tail,Zen Headbutt,Stone Edge,HP/Atk,217,143,93,86,91,80,Whiscash,0
283,Wigglytuff-2,Modest,Sitrus Berry,Hyper Voice,Shadow Ball,Sing,Dream Eater,HP/SpA,247,81,65,139,70,65,Wigglytuff,0
281,Wormadam-2,Modest,Coba Berry,Giga Drain,Signal Beam,Psychic,Attract,Def/SpA,135,71,137,144,125,56,Wormadam,0
334,Xatu-2,Modest,Colbur Berry,Psychic,Air Cutter,Ominous Wind,Confuse Ray,SpA/Spe,140,85,90,161,90,147,Xatu,255
446,Yanmega-1,Timid,Coba Berry,Signal Beam,Air Cutter,Detect,Double Team,SpA/Spe,161,86,106,168,76,161,Yanmega,255
582,Yanmega-2,Adamant,Muscle Band,Aerial Ace,U-turn,Night Slash,Steel Wing,Atk/Spe,161,140,106,122,76,147,Yanmega,255
718,Yanmega-3,Modest,Lum Berry,Silver Wind,AncientPower,Ominous Wind,Giga Drain,SpA/Spe,161,86,106,184,76,147,Yanmega,255
854,Yanmega-4,Modest,Wise Glasses,Bug Buzz,Air Slash,Psychic,Shadow Ball,SpA/Spe,161,86,106,184,76,147,Yanmega,255
321,Zangoose-2,Adamant,Razor Fang,Crush Claw,Shadow Claw,Aerial Ace,Taunt,Atk/Spe,148,183,80,72,80,142,Zangoose,255
896,Zapdos-1,Serious,Yache Berry,Thunder,Drill Peck,Thunder Wave,Rain Dance,Atk/Spe,165,142,105,145,110,152,Zapdos,255
910,Zapdos-2,Timid,Focus Band,Thunderbolt,AncientPower,Ominous Wind,Light Screen,SpA/Spe,165,99,105,177,110,167,Zapdos,255
924,Zapdos-3,Jolly,King's Rock,Drill Peck,Twister,Steel Wing,U-turn,Atk/Spe,165,142,105,130,110,167,Zapdos,255
938,Zapdos-4,Modest,BrightPowder,Thunderbolt,Air Cutter,Heat Wave,Signal Beam,SpA/Spe,165,99,105,194,110,152,Zapdos,255